movie_id,title,release_year,release_date,genre,director,country,runtime_min,rating,opening_weekend_yi,total_box_office_yi
M1000,电影-0000,2023,2023-06-08,爱情,导演-30,英国,97,7.6,0.56,4.21
M1001,电影-0001,2024,2024-01-02,科幻,导演-2,英国,147,7.0,1.28,8.01
M1002,电影-0002,2024,2024-06-12,悬疑,导演-57,韩国,164,8.3,2.79,6.21
M1003,电影-0003,2022,2022-05-27,科幻,导演-2,美国,109,6.9,0.37,2.87
M1004,电影-0004,2023,2023-03-27,喜剧,导演-44,法国,127,7.4,2.76,16.61
M1005,电影-0005,2022,2022-07-27,悬疑,导演-36,韩国,135,5.4,0.66,3.47
M1006,电影-0006,2024,2024-04-11,纪录片,导演-70,法国,121,9.7,0.75,3.38
M1007,电影-0007,2023,2023-04-05,动画,导演-60,美国,148,6.1,0.86,5.24
M1008,电影-0008,2022,2022-07-15,纪录片,导演-15,美国,156,5.7,0.72,4.42
M1009,电影-0009,2023,2023-08-12,悬疑,导演-57,韩国,104,7.4,2.18,7.6
M1010,电影-0010,2024,2024-06-17,悬疑,导演-2,日本,88,6.4,6.5,26.11
M1011,电影-0011,2020,2020-10-15,悬疑,导演-45,日本,83,6.6,0.3,1.89
M1012,电影-0012,2020,2020-02-06,动作,导演-77,中国,150,5.7,3.76,21.17
M1013,电影-0013,2021,2021-08-12,喜剧,导演-34,法国,144,6.3,5.45,38.78
M1014,电影-0014,2024,2024-12-18,悬疑,导演-22,中国,124,6.6,3.08,12.38
M1015,电影-0015,2022,2022-11-06,剧情,导演-80,中国,178,5.4,0.36,1.33
M1016,电影-0016,2020,2020-08-15,爱情,导演-33,英国,177,4.7,0.35,2.26
M1017,电影-0017,2023,2023-12-10,喜剧,导演-73,法国,145,7.0,2.38,15.07
M1018,电影-0018,2023,2023-04-21,喜剧,导演-59,英国,103,6.3,1.31,8.23
M1019,电影-0019,2024,2024-02-20,纪录片,导演-47,法国,90,5.3,2.46,6.34
M1020,电影-0020,2020,2020-10-01,科幻,导演-40,韩国,159,5.8,2.29,11.23
M1021,电影-0021,2023,2023-08-06,喜剧,导演-24,韩国,164,8.2,0.5,2.9
M1022,电影-0022,2024,2024-10-18,纪录片,导演-1,法国,149,6.2,0.15,0.72
M1023,电影-0023,2023,2023-05-14,爱情,导演-34,中国,139,5.6,0.24,1.27
M1024,电影-0024,2021,2021-12-02,科幻,导演-21,中国,80,5.6,1.27,4.73
M1025,电影-0025,2023,2023-12-14,剧情,导演-63,英国,98,5.9,1.3,9.7
M1026,电影-0026,2023,2023-01-07,喜剧,导演-76,法国,174,6.2,1.03,6.15
M1027,电影-0027,2022,2022-07-12,喜剧,导演-33,日本,128,6.2,3.82,25.23
M1028,电影-0028,2023,2023-05-25,纪录片,导演-25,日本,175,6.8,1.67,9.44
M1029,电影-0029,2022,2022-02-06,动画,导演-19,中国,131,5.0,1.56,8.96
M1030,电影-0030,2021,2021-12-08,喜剧,导演-30,英国,83,5.9,2.17,14.43
M1031,电影-0031,2022,2022-03-20,动作,导演-38,韩国,81,8.5,0.69,3.3
M1032,电影-0032,2020,2020-10-19,动画,导演-26,中国,157,9.8,1.83,4.77
M1033,电影-0033,2020,2020-03-04,动作,导演-45,法国,143,6.0,0.85,4.06
M1034,电影-0034,2022,2022-05-08,爱情,导演-52,韩国,176,8.9,5.32,21.34
M1035,电影-0035,2021,2021-11-10,动画,导演-60,美国,164,6.3,0.89,4.99
M1036,电影-0036,2020,2020-09-07,纪录片,导演-63,法国,102,8.1,4.01,19.37
M1037,电影-0037,2022,2022-09-27,动画,导演-65,英国,143,7.4,3.89,21.96
M1038,电影-0038,2020,2020-05-24,悬疑,导演-47,法国,99,7.8,2.03,4.26
M1039,电影-0039,2024,2024-04-07,喜剧,导演-67,中国,96,6.3,2.62,12.7
M1040,电影-0040,2020,2020-01-21,科幻,导演-29,法国,101,6.8,0.52,3.23
M1041,电影-0041,2020,2020-10-14,科幻,导演-35,韩国,166,6.4,1.67,10.91
M1042,电影-0042,2023,2023-05-12,纪录片,导演-64,美国,104,7.4,0.03,0.2
M1043,电影-0043,2023,2023-07-11,科幻,导演-20,中国,177,7.2,0.07,0.29
M1044,电影-0044,2021,2021-09-20,喜剧,导演-68,中国,136,7.9,0.82,2.3
M1045,电影-0045,2022,2022-12-06,科幻,导演-72,韩国,118,5.0,0.1,0.71
M1046,电影-0046,2022,2022-02-25,动作,导演-47,英国,159,7.3,2.47,14.67
M1047,电影-0047,2022,2022-12-18,喜剧,导演-78,法国,91,5.7,1.67,3.39
M1048,电影-0048,2021,2021-07-06,纪录片,导演-40,美国,86,6.0,0.74,4.33
M1049,电影-0049,2022,2022-06-21,剧情,导演-48,美国,107,7.4,0.97,5.54
M1050,电影-0050,2021,2021-08-07,动画,导演-29,美国,167,6.9,1.8,7.88
M1051,电影-0051,2024,2024-01-02,科幻,导演-61,美国,92,7.2,0.51,3.97
M1052,电影-0052,2022,2022-02-20,动画,导演-17,中国,133,6.5,0.3,1.53
M1053,电影-0053,2023,2023-03-15,纪录片,导演-31,日本,93,6.1,1.09,3.63
M1054,电影-0054,2021,2021-02-20,剧情,导演-12,法国,172,5.7,2.11,7.6
M1055,电影-0055,2023,2023-07-18,动作,导演-4,韩国,173,6.8,0.64,2.96
M1056,电影-0056,2021,2021-12-03,爱情,导演-57,韩国,99,5.7,0.34,1.22
M1057,电影-0057,2023,2023-08-14,剧情,导演-21,韩国,128,6.7,0.3,1.97
M1058,电影-0058,2024,2024-10-09,动作,导演-2,英国,103,6.5,1.59,8.83
M1059,电影-0059,2022,2022-12-16,喜剧,导演-39,中国,146,7.6,0.54,2.28
M1060,电影-0060,2023,2023-09-12,爱情,导演-8,法国,127,7.6,1.53,11.89
M1061,电影-0061,2024,2024-03-02,喜剧,导演-52,日本,153,8.1,0.77,3.34
M1062,电影-0062,2023,2023-03-23,科幻,导演-9,日本,178,7.7,1.42,11.05
M1063,电影-0063,2023,2023-01-11,剧情,导演-10,法国,118,6.1,2.56,10.19
M1064,电影-0064,2023,2023-11-23,纪录片,导演-51,英国,142,6.8,0.41,3.07
M1065,电影-0065,2023,2023-09-13,科幻,导演-57,中国,99,7.5,0.48,2.96
M1066,电影-0066,2024,2024-04-19,爱情,导演-18,英国,99,9.5,0.75,3.1
M1067,电影-0067,2023,2023-01-17,爱情,导演-78,英国,129,6.4,0.41,3.08
M1068,电影-0068,2021,2021-10-14,科幻,导演-16,美国,142,6.0,0.36,1.74
M1069,电影-0069,2022,2022-08-21,悬疑,导演-40,日本,141,8.0,1.06,4.44
M1070,电影-0070,2023,2023-06-07,悬疑,导演-78,英国,170,7.0,0.12,0.52
M1071,电影-0071,2022,2022-11-12,悬疑,导演-54,法国,178,6.2,3.51,23.2
M1072,电影-0072,2022,2022-01-08,悬疑,导演-21,法国,100,5.9,2.04,7.07
M1073,电影-0073,2023,2023-08-19,喜剧,导演-49,中国,111,5.2,1.23,8.74
M1074,电影-0074,2023,2023-11-27,悬疑,导演-67,法国,156,6.7,0.28,2.01
M1075,电影-0075,2021,2021-10-22,动作,导演-20,韩国,136,6.5,3.61,16.39
M1076,电影-0076,2024,2024-05-04,喜剧,导演-31,法国,112,5.9,0.9,3.2
M1077,电影-0077,2023,2023-10-08,爱情,导演-11,英国,83,5.5,0.89,7.01
M1078,电影-0078,2020,2020-05-21,科幻,导演-41,美国,123,7.0,0.26,1.45
M1079,电影-0079,2024,2024-04-14,喜剧,导演-41,中国,163,7.7,2.5,16.98
M1080,电影-0080,2021,2021-06-06,爱情,导演-65,美国,151,5.8,2.55,19.14
M1081,电影-0081,2022,2022-06-11,喜剧,导演-76,韩国,163,7.4,4.67,26.63
M1082,电影-0082,2022,2022-04-04,喜剧,导演-37,英国,131,6.8,0.69,4.91
M1083,电影-0083,2023,2023-08-20,悬疑,导演-16,法国,113,4.6,3.72,10.72
M1084,电影-0084,2023,2023-11-03,悬疑,导演-16,法国,109,6.7,2.32,12.6
M1085,电影-0085,2021,2021-09-26,纪录片,导演-11,韩国,120,8.6,0.1,0.66
M1086,电影-0086,2023,2023-12-25,爱情,导演-66,日本,176,6.4,1.31,7.41
M1087,电影-0087,2021,2021-09-15,悬疑,导演-72,英国,133,8.7,0.42,2.44
M1088,电影-0088,2021,2021-09-25,动画,导演-45,美国,104,4.4,2.72,10.6
M1089,电影-0089,2022,2022-02-14,喜剧,导演-22,英国,133,7.6,4.4,14.94
M1090,电影-0090,2023,2023-08-02,动画,导演-38,美国,94,6.6,0.69,3.79
M1091,电影-0091,2020,2020-05-19,动作,导演-53,美国,142,6.6,0.33,1.87
M1092,电影-0092,2022,2022-04-16,喜剧,导演-80,美国,140,5.8,2.8,21.53
M1093,电影-0093,2020,2020-09-08,爱情,导演-37,法国,86,6.7,6.58,31.76
M1094,电影-0094,2022,2022-03-10,喜剧,导演-8,法国,97,6.4,2.72,14.32
M1095,电影-0095,2021,2021-06-24,纪录片,导演-43,日本,172,7.4,0.06,0.46
M1096,电影-0096,2024,2024-05-18,动画,导演-70,日本,113,5.4,1.42,5.03
M1097,电影-0097,2020,2020-11-26,纪录片,导演-60,日本,156,6.9,1.37,9.96
M1098,电影-0098,2020,2020-06-15,科幻,导演-66,法国,103,5.2,0.36,2.42
M1099,电影-0099,2024,2024-12-19,动作,导演-55,韩国,122,6.0,0.47,1.79
M1100,电影-0100,2023,2023-03-19,爱情,导演-7,日本,89,7.9,1.56,9.08
M1101,电影-0101,2024,2024-08-16,动作,导演-58,韩国,149,8.4,0.18,1.31
M1102,电影-0102,2021,2021-06-26,剧情,导演-44,美国,151,7.9,3.35,21.06
M1103,电影-0103,2020,2020-10-23,剧情,导演-69,英国,170,6.5,8.83,66.29
M1104,电影-0104,2022,2022-07-06,动画,导演-5,中国,135,6.7,0.24,0.7
M1105,电影-0105,2020,2020-05-10,动画,导演-80,法国,112,8.2,5.64,39.34
M1106,电影-0106,2021,2021-03-24,动作,导演-39,美国,142,6.8,2.51,10.22
M1107,电影-0107,2023,2023-12-27,爱情,导演-71,中国,170,8.3,1.03,3.39
M1108,电影-0108,2021,2021-12-09,剧情,导演-44,英国,152,6.8,0.02,0.14
M1109,电影-0109,2022,2022-12-05,爱情,导演-40,韩国,157,6.5,1.01,6.16
M1110,电影-0110,2023,2023-12-22,纪录片,导演-37,日本,171,5.4,0.16,0.44
M1111,电影-0111,2023,2023-05-18,动画,导演-22,韩国,104,6.3,3.69,18.32
M1112,电影-0112,2022,2022-05-26,动作,导演-75,英国,116,8.0,0.36,1.64
M1113,电影-0113,2021,2021-07-26,动作,导演-42,美国,134,7.1,0.06,0.26
M1114,电影-0114,2020,2020-07-25,纪录片,导演-20,法国,148,6.3,0.54,3.9
M1115,电影-0115,2020,2020-06-11,纪录片,导演-71,中国,93,5.3,1.47,8.56
M1116,电影-0116,2023,2023-08-01,爱情,导演-18,美国,137,7.2,0.31,1.17
M1117,电影-0117,2022,2022-07-09,动画,导演-70,韩国,159,6.9,2.62,15.73
M1118,电影-0118,2021,2021-12-10,喜剧,导演-63,中国,80,5.0,0.27,1.48
M1119,电影-0119,2023,2023-11-19,动作,导演-52,韩国,101,4.9,1.24,6.03
M1120,电影-0120,2020,2020-11-08,剧情,导演-17,法国,92,6.9,0.44,2.34
M1121,电影-0121,2024,2024-04-07,剧情,导演-6,法国,169,7.6,0.71,2.43
M1122,电影-0122,2022,2022-02-17,剧情,导演-42,中国,83,7.0,2.27,14.95
M1123,电影-0123,2020,2020-07-06,科幻,导演-4,英国,84,5.7,2.67,15.81
M1124,电影-0124,2021,2021-01-16,剧情,导演-32,法国,160,7.9,1.35,2.92
M1125,电影-0125,2020,2020-11-13,喜剧,导演-22,美国,132,6.9,0.31,1.49
M1126,电影-0126,2022,2022-09-18,纪录片,导演-3,法国,133,6.4,0.21,1.35
M1127,电影-0127,2022,2022-04-15,科幻,导演-43,英国,171,7.8,0.13,0.67
M1128,电影-0128,2023,2023-09-24,动作,导演-46,美国,133,8.9,1.33,4.93
M1129,电影-0129,2024,2024-10-02,纪录片,导演-78,中国,93,5.6,0.47,2.32
M1130,电影-0130,2021,2021-12-16,爱情,导演-22,法国,93,7.2,0.42,0.9
M1131,电影-0131,2022,2022-04-11,动作,导演-63,日本,174,6.9,0.96,2.36
M1132,电影-0132,2024,2024-04-04,喜剧,导演-41,英国,110,4.8,1.51,10.7
M1133,电影-0133,2024,2024-02-03,纪录片,导演-70,韩国,106,3.5,2.76,9.79
M1134,电影-0134,2021,2021-04-02,剧情,导演-54,韩国,135,8.1,0.04,0.15
M1135,电影-0135,2023,2023-01-18,喜剧,导演-5,法国,113,6.2,0.09,0.58
M1136,电影-0136,2021,2021-10-21,动画,导演-77,美国,145,5.8,3.21,23.2
M1137,电影-0137,2022,2022-07-11,悬疑,导演-46,法国,129,5.5,3.58,18.03
M1138,电影-0138,2022,2022-06-19,喜剧,导演-3,日本,87,6.5,0.54,3.39
M1139,电影-0139,2021,2021-06-05,喜剧,导演-77,法国,120,7.1,1.59,11.13
M1140,电影-0140,2020,2020-05-11,喜剧,导演-68,英国,163,8.2,0.25,1.31
M1141,电影-0141,2021,2021-06-24,科幻,导演-44,中国,109,7.8,0.22,0.58
M1142,电影-0142,2021,2021-06-22,动画,导演-59,英国,132,6.9,1.98,11.62
M1143,电影-0143,2020,2020-06-02,喜剧,导演-61,英国,98,7.1,1.86,12.72
M1144,电影-0144,2022,2022-06-01,爱情,导演-74,法国,177,7.6,1.81,12.99
M1145,电影-0145,2023,2023-11-19,喜剧,导演-12,日本,97,6.9,0.4,1.83
M1146,电影-0146,2023,2023-05-06,动作,导演-2,美国,101,7.0,2.68,7.57
M1147,电影-0147,2024,2024-01-01,动画,导演-18,英国,162,8.0,0.7,3.76
M1148,电影-0148,2021,2021-11-09,剧情,导演-56,美国,108,6.9,1.34,8.7
M1149,电影-0149,2023,2023-06-10,爱情,导演-11,日本,106,8.0,2.47,9.85
M1150,电影-0150,2022,2022-02-08,爱情,导演-69,韩国,138,6.7,1.16,3.69
M1151,电影-0151,2022,2022-05-01,爱情,导演-49,英国,154,6.7,0.52,2.38
M1152,电影-0152,2020,2020-07-17,爱情,导演-69,韩国,91,6.8,6.79,38.48
M1153,电影-0153,2023,2023-07-10,动作,导演-73,美国,169,7.2,1.56,3.69
M1154,电影-0154,2021,2021-05-06,动作,导演-16,中国,156,7.5,0.32,2.09
M1155,电影-0155,2023,2023-07-05,动作,导演-31,美国,135,5.3,2.19,16.39
M1156,电影-0156,2022,2022-05-06,纪录片,导演-4,日本,176,6.9,0.35,1.26
M1157,电影-0157,2021,2021-01-05,喜剧,导演-75,韩国,121,7.2,0.29,1.89
M1158,电影-0158,2022,2022-08-03,爱情,导演-8,日本,130,7.7,0.32,2.25
M1159,电影-0159,2021,2021-02-24,剧情,导演-32,英国,148,7.3,0.98,3.56
M1160,电影-0160,2020,2020-10-11,科幻,导演-67,中国,127,5.9,0.19,1.24
M1161,电影-0161,2024,2024-10-04,纪录片,导演-10,英国,173,9.2,0.3,0.73
M1162,电影-0162,2024,2024-05-14,悬疑,导演-25,中国,89,5.7,0.37,2.33
M1163,电影-0163,2024,2024-01-23,动作,导演-72,法国,130,6.1,0.34,1.87
M1164,电影-0164,2022,2022-04-22,悬疑,导演-23,韩国,109,8.3,0.02,0.1
M1165,电影-0165,2024,2024-11-16,纪录片,导演-68,英国,98,4.0,5.56,26.12
M1166,电影-0166,2022,2022-03-18,剧情,导演-64,中国,103,6.7,0.01,0.06
M1167,电影-0167,2020,2020-08-27,悬疑,导演-41,日本,128,8.7,0.22,0.84
M1168,电影-0168,2022,2022-05-05,动作,导演-48,中国,110,7.4,5.32,39.66
M1169,电影-0169,2024,2024-09-13,剧情,导演-65,韩国,113,5.1,0.67,2.83
M1170,电影-0170,2021,2021-06-12,爱情,导演-16,法国,137,8.1,0.42,2.08
M1171,电影-0171,2023,2023-08-25,科幻,导演-34,美国,146,6.8,1.52,5.3
M1172,电影-0172,2023,2023-10-12,喜剧,导演-43,法国,80,7.6,1.22,9.07
M1173,电影-0173,2023,2023-05-20,动作,导演-25,英国,139,8.3,0.21,0.73
M1174,电影-0174,2022,2022-05-02,爱情,导演-14,英国,128,8.5,0.23,1.82
M1175,电影-0175,2024,2024-02-11,爱情,导演-42,中国,157,5.5,1.09,5.61
M1176,电影-0176,2020,2020-10-14,爱情,导演-5,中国,94,7.0,1.06,6.17
M1177,电影-0177,2022,2022-10-23,悬疑,导演-36,法国,144,7.1,1.4,6.8
M1178,电影-0178,2023,2023-08-17,喜剧,导演-17,法国,141,6.7,0.17,0.91
M1179,电影-0179,2022,2022-02-08,喜剧,导演-39,英国,155,9.2,1.34,8.12
M1180,电影-0180,2021,2021-07-15,动画,导演-37,中国,112,6.6,4.28,23.41
M1181,电影-0181,2024,2024-06-26,剧情,导演-34,日本,172,6.2,0.05,0.34
M1182,电影-0182,2024,2024-10-19,科幻,导演-50,美国,84,7.7,0.73,5.64
M1183,电影-0183,2021,2021-01-08,喜剧,导演-71,中国,124,8.5,1.15,3.67
M1184,电影-0184,2022,2022-05-24,喜剧,导演-79,韩国,116,8.1,0.45,3.54
M1185,电影-0185,2021,2021-12-20,喜剧,导演-40,英国,123,8.3,3.63,22.34
M1186,电影-0186,2023,2023-11-03,科幻,导演-57,英国,112,9.0,0.98,7.08
M1187,电影-0187,2020,2020-10-18,剧情,导演-80,美国,162,6.6,7.52,48.68
M1188,电影-0188,2024,2024-06-15,喜剧,导演-78,美国,150,5.0,1.75,12.73
M1189,电影-0189,2022,2022-01-14,喜剧,导演-47,韩国,170,7.1,4.87,21.35
M1190,电影-0190,2023,2023-02-21,悬疑,导演-54,韩国,180,7.0,0.29,1.03
M1191,电影-0191,2023,2023-11-13,科幻,导演-61,法国,175,7.1,1.07,4.63
M1192,电影-0192,2020,2020-06-09,爱情,导演-65,日本,179,6.9,1.39,9.58
M1193,电影-0193,2020,2020-01-01,剧情,导演-9,日本,98,8.2,0.17,1.13
M1194,电影-0194,2022,2022-12-04,科幻,导演-67,英国,89,5.6,0.29,1.02
M1195,电影-0195,2023,2023-05-24,爱情,导演-65,法国,102,5.0,1.14,6.07
M1196,电影-0196,2021,2021-08-27,悬疑,导演-70,日本,131,7.9,2.07,8.12
M1197,电影-0197,2021,2021-11-23,悬疑,导演-79,中国,85,6.9,1.47,9.21
M1198,电影-0198,2022,2022-09-12,纪录片,导演-71,法国,130,8.1,0.1,0.43
M1199,电影-0199,2020,2020-08-12,喜剧,导演-47,韩国,160,5.6,1.98,13.3
M1200,电影-0200,2024,2024-10-25,动作,导演-68,美国,174,6.4,1.3,8.82
M1201,电影-0201,2023,2023-02-15,爱情,导演-32,英国,131,7.7,2.38,13.29
M1202,电影-0202,2020,2020-02-09,动作,导演-24,英国,94,5.1,1.92,7.29
M1203,电影-0203,2022,2022-08-14,爱情,导演-40,日本,123,9.0,0.43,1.46
M1204,电影-0204,2023,2023-10-04,爱情,导演-54,中国,131,5.7,3.0,6.71
M1205,电影-0205,2022,2022-08-20,喜剧,导演-65,日本,106,6.7,5.55,38.68
M1206,电影-0206,2024,2024-06-02,爱情,导演-2,美国,130,8.3,4.7,15.3
M1207,电影-0207,2020,2020-03-18,爱情,导演-45,英国,178,8.2,1.88,6.54
M1208,电影-0208,2023,2023-10-23,动画,导演-24,中国,116,6.5,0.65,4.98
M1209,电影-0209,2022,2022-09-11,喜剧,导演-41,美国,136,6.6,1.16,3.44
M1210,电影-0210,2022,2022-07-14,剧情,导演-7,中国,104,8.1,0.32,1.21
M1211,电影-0211,2024,2024-10-24,纪录片,导演-10,法国,85,6.2,3.17,23.22
M1212,电影-0212,2020,2020-05-16,爱情,导演-56,韩国,119,4.1,2.03,9.23
M1213,电影-0213,2022,2022-02-10,悬疑,导演-10,美国,102,8.5,0.03,0.19
M1214,电影-0214,2023,2023-06-17,科幻,导演-12,日本,134,6.7,2.14,5.29
M1215,电影-0215,2021,2021-09-01,纪录片,导演-60,法国,108,7.3,2.03,14.39
M1216,电影-0216,2023,2023-12-02,动画,导演-46,日本,110,7.2,0.37,0.83
M1217,电影-0217,2023,2023-07-02,爱情,导演-15,日本,157,7.1,0.66,4.22
M1218,电影-0218,2021,2021-09-22,爱情,导演-50,日本,114,8.3,2.74,21.37
M1219,电影-0219,2022,2022-07-26,动作,导演-73,中国,124,6.6,1.77,6.58
M1220,电影-0220,2020,2020-05-21,喜剧,导演-80,法国,171,5.5,0.02,0.11
M1221,电影-0221,2020,2020-04-06,爱情,导演-10,日本,172,8.0,0.03,0.11
M1222,电影-0222,2024,2024-12-21,动画,导演-7,美国,155,5.8,0.73,4.21
M1223,电影-0223,2020,2020-10-02,剧情,导演-1,法国,154,5.5,0.92,4.75
M1224,电影-0224,2024,2024-05-20,科幻,导演-3,英国,165,6.4,0.95,7.53
M1225,电影-0225,2022,2022-12-25,剧情,导演-36,韩国,104,6.5,0.82,3.79
M1226,电影-0226,2022,2022-12-03,科幻,导演-70,日本,140,5.8,3.06,20.44
M1227,电影-0227,2021,2021-06-23,剧情,导演-11,中国,164,5.1,0.66,2.37
M1228,电影-0228,2023,2023-10-17,纪录片,导演-26,美国,86,5.7,2.09,4.46
M1229,电影-0229,2020,2020-08-21,科幻,导演-7,英国,121,8.4,0.57,1.43
M1230,电影-0230,2023,2023-01-04,科幻,导演-51,韩国,159,5.7,2.45,16.37
M1231,电影-0231,2021,2021-08-22,纪录片,导演-27,中国,153,6.0,0.04,0.29
M1232,电影-0232,2023,2023-03-14,悬疑,导演-26,中国,136,7.5,1.62,7.32
M1233,电影-0233,2020,2020-12-22,喜剧,导演-74,韩国,130,6.7,4.28,26.62
M1234,电影-0234,2021,2021-02-09,喜剧,导演-75,韩国,133,6.7,2.96,17.47
M1235,电影-0235,2021,2021-01-10,悬疑,导演-35,韩国,115,8.3,0.27,0.91
M1236,电影-0236,2020,2020-01-07,动画,导演-10,中国,100,6.2,1.82,10.09
M1237,电影-0237,2020,2020-09-23,动画,导演-51,英国,174,7.5,1.31,5.42
M1238,电影-0238,2022,2022-06-06,动画,导演-48,法国,99,7.0,0.36,2.49
M1239,电影-0239,2022,2022-12-23,动画,导演-51,英国,166,7.2,2.8,21.77
M1240,电影-0240,2024,2024-08-23,剧情,导演-22,美国,163,6.8,1.07,2.73
M1241,电影-0241,2021,2021-04-09,科幻,导演-7,中国,87,8.8,1.68,5.64
M1242,电影-0242,2023,2023-07-12,悬疑,导演-5,中国,154,7.3,0.6,3.14
M1243,电影-0243,2020,2020-01-03,爱情,导演-12,中国,121,7.0,2.1,16.07
M1244,电影-0244,2023,2023-09-06,悬疑,导演-57,美国,93,6.0,0.6,1.78
M1245,电影-0245,2024,2024-09-13,剧情,导演-65,中国,174,7.8,0.47,3.73
M1246,电影-0246,2024,2024-06-16,纪录片,导演-44,美国,173,7.5,0.77,2.19
M1247,电影-0247,2024,2024-04-16,悬疑,导演-80,中国,149,4.2,2.13,5.26
M1248,电影-0248,2021,2021-07-02,喜剧,导演-19,法国,100,6.1,2.76,15.97
M1249,电影-0249,2023,2023-01-18,悬疑,导演-50,法国,84,4.8,0.45,1.63
M1250,电影-0250,2022,2022-11-16,喜剧,导演-4,日本,116,6.5,2.99,7.62
M1251,电影-0251,2021,2021-11-23,剧情,导演-56,中国,116,5.9,1.64,12.11
M1252,电影-0252,2022,2022-03-11,动作,导演-5,美国,123,8.4,1.65,8.18
M1253,电影-0253,2020,2020-05-07,喜剧,导演-17,美国,172,6.2,2.93,9.37
M1254,电影-0254,2021,2021-08-05,剧情,导演-59,美国,98,6.1,0.75,3.27
M1255,电影-0255,2024,2024-12-26,爱情,导演-30,韩国,179,7.4,1.26,7.52
M1256,电影-0256,2022,2022-06-17,科幻,导演-46,法国,80,7.4,0.04,0.19
M1257,电影-0257,2023,2023-03-24,纪录片,导演-38,美国,162,9.5,0.33,2.48
M1258,电影-0258,2023,2023-05-11,动作,导演-67,美国,106,8.0,0.7,1.95
M1259,电影-0259,2024,2024-04-16,动作,导演-74,美国,130,6.3,0.99,4.88
M1260,电影-0260,2022,2022-10-09,爱情,导演-77,日本,153,6.5,0.35,2.36
M1261,电影-0261,2024,2024-02-19,悬疑,导演-4,日本,115,6.8,0.57,2.08
M1262,电影-0262,2023,2023-06-19,爱情,导演-59,韩国,103,6.9,0.35,1.07
M1263,电影-0263,2020,2020-03-01,剧情,导演-12,中国,156,6.1,1.03,3.75
M1264,电影-0264,2023,2023-03-02,动作,导演-2,韩国,172,6.7,0.01,0.07
M1265,电影-0265,2023,2023-12-24,爱情,导演-47,中国,116,7.7,0.4,2.43
M1266,电影-0266,2020,2020-02-06,动作,导演-34,日本,169,7.1,0.38,1.43
M1267,电影-0267,2022,2022-05-24,喜剧,导演-54,美国,99,8.4,1.55,6.82
M1268,电影-0268,2023,2023-02-01,喜剧,导演-41,法国,155,5.6,0.42,3.0
M1269,电影-0269,2022,2022-03-18,悬疑,导演-68,美国,82,8.0,2.83,10.17
M1270,电影-0270,2023,2023-12-07,动画,导演-58,法国,128,5.1,1.34,6.07
M1271,电影-0271,2024,2024-05-04,悬疑,导演-76,法国,94,6.4,4.52,26.91
M1272,电影-0272,2020,2020-02-16,纪录片,导演-16,美国,112,6.3,0.53,2.22
M1273,电影-0273,2023,2023-04-07,科幻,导演-57,日本,157,6.9,0.17,0.78
M1274,电影-0274,2023,2023-09-20,纪录片,导演-11,韩国,172,6.9,0.64,3.16
M1275,电影-0275,2021,2021-03-12,爱情,导演-59,美国,139,8.7,1.1,8.27
M1276,电影-0276,2024,2024-07-26,悬疑,导演-52,日本,101,9.3,0.02,0.12
M1277,电影-0277,2021,2021-12-18,科幻,导演-20,美国,108,6.1,0.02,0.06
M1278,电影-0278,2022,2022-11-17,科幻,导演-5,英国,136,7.8,0.25,0.98
M1279,电影-0279,2022,2022-07-08,剧情,导演-21,法国,175,7.0,1.19,7.26
M1280,电影-0280,2020,2020-05-21,动作,导演-47,法国,117,7.1,2.88,7.53
M1281,电影-0281,2020,2020-02-20,动画,导演-42,韩国,90,6.5,4.5,25.06
M1282,电影-0282,2022,2022-04-18,喜剧,导演-55,美国,117,6.6,1.4,9.61
M1283,电影-0283,2022,2022-09-02,动画,导演-48,美国,156,6.4,2.21,13.89
M1284,电影-0284,2022,2022-10-06,动作,导演-42,中国,108,8.1,0.49,2.4
M1285,电影-0285,2021,2021-11-27,爱情,导演-7,中国,105,7.6,0.55,1.56
M1286,电影-0286,2022,2022-01-04,剧情,导演-31,法国,146,6.9,1.09,6.57
M1287,电影-0287,2023,2023-03-07,科幻,导演-40,英国,147,8.3,0.13,0.28
M1288,电影-0288,2022,2022-03-14,爱情,导演-43,美国,120,5.9,1.13,7.41
M1289,电影-0289,2022,2022-04-18,科幻,导演-52,英国,134,8.4,2.41,7.45
M1290,电影-0290,2021,2021-11-05,动画,导演-63,法国,173,6.8,1.93,12.47
M1291,电影-0291,2021,2021-03-24,纪录片,导演-77,法国,136,8.2,2.67,8.92
M1292,电影-0292,2023,2023-05-18,动作,导演-67,英国,82,6.9,1.36,5.84
M1293,电影-0293,2021,2021-11-08,科幻,导演-60,韩国,97,7.2,1.91,4.13
M1294,电影-0294,2023,2023-04-20,剧情,导演-30,英国,172,7.9,0.97,7.18
M1295,电影-0295,2022,2022-08-18,爱情,导演-19,英国,120,8.7,4.14,13.81
M1296,电影-0296,2023,2023-08-12,纪录片,导演-36,日本,134,5.0,3.17,11.08
M1297,电影-0297,2022,2022-05-02,喜剧,导演-31,韩国,113,6.9,5.5,28.6
M1298,电影-0298,2020,2020-10-27,动画,导演-19,日本,135,6.4,0.27,1.12
M1299,电影-0299,2024,2024-09-01,科幻,导演-33,中国,165,8.8,2.28,4.6
M1300,电影-0300,2021,2021-04-19,爱情,导演-46,日本,127,6.5,1.22,7.7
M1301,电影-0301,2020,2020-04-20,科幻,导演-69,英国,141,5.0,2.21,9.07
M1302,电影-0302,2020,2020-05-04,喜剧,导演-67,韩国,141,4.5,0.87,3.19
M1303,电影-0303,2024,2024-03-08,动作,导演-22,法国,172,8.3,3.43,11.74
M1304,电影-0304,2021,2021-12-19,剧情,导演-14,中国,141,6.4,1.66,12.19
M1305,电影-0305,2023,2023-02-21,爱情,导演-31,法国,81,6.9,0.49,1.99
M1306,电影-0306,2022,2022-06-23,剧情,导演-69,中国,112,6.9,0.49,2.25
M1307,电影-0307,2021,2021-08-21,爱情,导演-24,日本,153,6.0,2.12,9.26
M1308,电影-0308,2022,2022-08-21,喜剧,导演-32,美国,141,6.5,0.12,0.68
M1309,电影-0309,2024,2024-06-23,喜剧,导演-75,美国,90,5.7,1.27,7.25
M1310,电影-0310,2024,2024-01-21,喜剧,导演-70,日本,108,6.5,0.36,1.36
M1311,电影-0311,2022,2022-09-27,喜剧,导演-31,法国,102,7.8,0.03,0.12
M1312,电影-0312,2023,2023-08-12,悬疑,导演-67,日本,86,7.0,0.48,1.33
M1313,电影-0313,2024,2024-06-25,喜剧,导演-6,日本,178,9.0,1.15,7.83
M1314,电影-0314,2023,2023-08-07,喜剧,导演-36,韩国,112,8.5,1.3,4.64
M1315,电影-0315,2021,2021-01-22,悬疑,导演-36,中国,175,6.9,0.08,0.27
M1316,电影-0316,2020,2020-01-17,纪录片,导演-68,美国,132,7.3,1.53,10.39
M1317,电影-0317,2023,2023-09-17,喜剧,导演-19,日本,109,4.2,0.78,2.09
M1318,电影-0318,2023,2023-05-27,悬疑,导演-24,法国,122,7.4,0.11,0.64
M1319,电影-0319,2023,2023-06-09,动画,导演-62,美国,158,7.1,3.4,19.43
M1320,电影-0320,2024,2024-07-15,动作,导演-55,美国,87,9.8,2.57,5.74
M1321,电影-0321,2023,2023-08-15,悬疑,导演-80,英国,106,7.4,0.68,3.06
M1322,电影-0322,2020,2020-11-08,科幻,导演-77,美国,118,7.2,0.69,4.14
M1323,电影-0323,2022,2022-06-20,剧情,导演-15,韩国,134,5.5,0.48,1.67
M1324,电影-0324,2021,2021-11-25,剧情,导演-72,韩国,140,7.0,0.17,1.02
M1325,电影-0325,2022,2022-10-15,喜剧,导演-71,法国,111,7.3,0.11,0.63
M1326,电影-0326,2022,2022-06-27,悬疑,导演-56,中国,176,6.5,0.99,6.96
M1327,电影-0327,2020,2020-11-03,动作,导演-51,韩国,154,5.7,2.75,12.94
M1328,电影-0328,2024,2024-11-10,喜剧,导演-52,英国,143,6.8,2.46,14.53
M1329,电影-0329,2021,2021-01-10,动作,导演-10,英国,83,6.9,1.27,10.12
M1330,电影-0330,2022,2022-11-04,喜剧,导演-39,韩国,156,4.6,1.72,5.34
M1331,电影-0331,2022,2022-07-05,喜剧,导演-46,韩国,127,5.8,3.34,10.04
M1332,电影-0332,2023,2023-11-01,动作,导演-52,中国,129,7.9,0.41,1.76
M1333,电影-0333,2024,2024-04-02,纪录片,导演-57,法国,170,9.0,0.37,1.36
M1334,电影-0334,2021,2021-01-24,剧情,导演-20,法国,103,7.8,0.02,0.05
M1335,电影-0335,2020,2020-09-18,科幻,导演-20,日本,138,8.1,0.0,0.0
M1336,电影-0336,2024,2024-08-19,动画,导演-7,英国,146,5.6,0.62,3.35
M1337,电影-0337,2022,2022-02-08,喜剧,导演-10,韩国,180,6.6,1.37,4.26
M1338,电影-0338,2021,2021-05-17,动画,导演-58,中国,152,6.0,0.59,1.28
M1339,电影-0339,2023,2023-05-11,科幻,导演-27,英国,171,5.3,1.19,3.99
M1340,电影-0340,2022,2022-07-22,纪录片,导演-23,英国,139,7.8,1.89,15.03
M1341,电影-0341,2024,2024-03-11,喜剧,导演-3,中国,162,7.7,2.05,7.5
M1342,电影-0342,2021,2021-06-05,剧情,导演-22,英国,169,6.6,2.0,11.75
M1343,电影-0343,2021,2021-06-01,动画,导演-7,中国,148,5.1,5.46,35.05
M1344,电影-0344,2024,2024-10-18,纪录片,导演-74,美国,124,6.4,0.86,1.85
M1345,电影-0345,2021,2021-09-13,纪录片,导演-74,韩国,118,6.9,1.63,12.68
M1346,电影-0346,2020,2020-08-15,科幻,导演-48,中国,95,5.6,1.21,5.53
M1347,电影-0347,2021,2021-10-20,纪录片,导演-52,美国,155,5.6,1.77,11.16
M1348,电影-0348,2021,2021-09-22,动画,导演-22,日本,92,8.9,0.13,0.99
M1349,电影-0349,2023,2023-01-18,喜剧,导演-45,中国,85,8.2,0.51,1.14
M1350,电影-0350,2024,2024-12-13,动画,导演-79,日本,90,6.1,0.2,0.97
M1351,电影-0351,2024,2024-07-04,动画,导演-59,英国,96,7.6,0.01,0.08
M1352,电影-0352,2023,2023-09-17,爱情,导演-32,日本,80,7.2,3.2,24.08
M1353,电影-0353,2020,2020-06-23,喜剧,导演-59,韩国,166,5.9,3.01,21.84
M1354,电影-0354,2024,2024-02-18,动画,导演-58,美国,128,6.9,0.07,0.37
M1355,电影-0355,2022,2022-12-13,喜剧,导演-26,中国,125,7.3,0.92,3.92
M1356,电影-0356,2024,2024-02-16,喜剧,导演-80,中国,168,6.2,1.11,8.63
M1357,电影-0357,2021,2021-10-27,科幻,导演-59,日本,149,8.0,0.26,1.88
M1358,电影-0358,2022,2022-04-22,科幻,导演-79,中国,107,9.1,0.91,4.62
M1359,电影-0359,2021,2021-04-13,动画,导演-79,美国,178,6.8,3.06,20.69
M1360,电影-0360,2020,2020-04-11,动画,导演-47,英国,178,8.6,0.27,1.41
M1361,电影-0361,2021,2021-03-05,剧情,导演-11,英国,99,5.7,2.16,13.31
M1362,电影-0362,2024,2024-04-13,剧情,导演-61,法国,89,7.0,4.42,34.26
M1363,电影-0363,2021,2021-09-25,科幻,导演-11,英国,159,3.6,0.44,1.71
M1364,电影-0364,2023,2023-09-14,剧情,导演-77,日本,128,6.8,6.23,20.24
M1365,电影-0365,2022,2022-01-08,喜剧,导演-32,法国,92,8.8,1.63,11.11
M1366,电影-0366,2023,2023-07-11,动作,导演-56,中国,93,4.4,3.73,20.56
M1367,电影-0367,2024,2024-04-16,科幻,导演-72,日本,152,6.2,0.75,2.85
M1368,电影-0368,2023,2023-10-27,动作,导演-73,英国,175,6.8,4.12,28.8
M1369,电影-0369,2023,2023-06-17,纪录片,导演-25,中国,135,5.4,1.04,3.41
M1370,电影-0370,2021,2021-02-02,动画,导演-70,日本,83,6.2,0.71,4.44
M1371,电影-0371,2024,2024-03-25,动画,导演-26,英国,119,7.1,0.3,2.28
M1372,电影-0372,2023,2023-03-06,动作,导演-35,中国,153,5.7,1.45,9.53
M1373,电影-0373,2022,2022-10-08,爱情,导演-16,美国,161,6.5,1.75,4.29
M1374,电影-0374,2021,2021-03-11,喜剧,导演-27,韩国,100,4.6,1.97,13.21
M1375,电影-0375,2021,2021-07-03,动画,导演-78,日本,94,7.0,2.38,11.6
M1376,电影-0376,2020,2020-08-09,科幻,导演-70,韩国,140,8.3,0.84,4.76
M1377,电影-0377,2024,2024-03-11,科幻,导演-46,法国,141,6.0,1.36,10.43
M1378,电影-0378,2024,2024-12-19,悬疑,导演-9,韩国,90,5.6,0.96,5.82
M1379,电影-0379,2020,2020-04-04,剧情,导演-34,法国,102,9.8,0.05,0.32
M1380,电影-0380,2022,2022-10-23,动作,导演-40,日本,164,7.4,0.5,2.95
M1381,电影-0381,2024,2024-07-08,剧情,导演-72,中国,83,6.6,0.08,0.58
M1382,电影-0382,2024,2024-11-14,纪录片,导演-76,英国,120,6.1,0.45,2.03
M1383,电影-0383,2021,2021-02-27,科幻,导演-71,韩国,85,6.3,0.08,0.31
M1384,电影-0384,2023,2023-11-05,动画,导演-26,韩国,156,6.7,0.24,1.55
M1385,电影-0385,2022,2022-12-02,纪录片,导演-43,韩国,178,7.0,2.31,17.19
M1386,电影-0386,2022,2022-08-14,动画,导演-14,韩国,176,6.7,0.6,2.12
M1387,电影-0387,2022,2022-05-01,喜剧,导演-71,日本,145,7.0,2.03,14.08
M1388,电影-0388,2020,2020-10-12,悬疑,导演-28,日本,83,6.9,1.02,6.78
M1389,电影-0389,2023,2023-04-17,科幻,导演-13,美国,172,8.2,3.52,7.34
M1390,电影-0390,2020,2020-10-05,爱情,导演-72,法国,161,6.6,0.85,6.65
M1391,电影-0391,2023,2023-11-11,动作,导演-67,法国,157,7.2,1.75,11.83
M1392,电影-0392,2020,2020-03-21,喜剧,导演-74,日本,142,5.1,2.21,10.5
M1393,电影-0393,2024,2024-01-07,剧情,导演-49,中国,96,9.8,2.27,12.38
M1394,电影-0394,2022,2022-08-24,爱情,导演-55,美国,86,4.7,0.16,1.25
M1395,电影-0395,2020,2020-06-15,动作,导演-44,日本,110,8.5,0.54,3.83
M1396,电影-0396,2023,2023-08-02,悬疑,导演-30,美国,173,9.8,0.99,3.51
M1397,电影-0397,2021,2021-03-16,剧情,导演-25,中国,156,8.1,3.99,21.11
M1398,电影-0398,2020,2020-05-12,动画,导演-11,中国,156,4.7,0.46,3.01
M1399,电影-0399,2024,2024-07-13,悬疑,导演-68,韩国,120,6.7,1.17,2.78
M1400,电影-0400,2024,2024-09-11,科幻,导演-23,法国,100,5.8,0.22,0.97
M1401,电影-0401,2020,2020-12-01,动作,导演-26,英国,82,5.4,1.66,3.75
M1402,电影-0402,2023,2023-09-06,悬疑,导演-53,韩国,124,7.1,3.5,14.98
M1403,电影-0403,2024,2024-11-27,动画,导演-59,美国,101,5.5,0.39,2.93
M1404,电影-0404,2021,2021-03-21,剧情,导演-44,日本,131,6.7,1.65,9.9
M1405,电影-0405,2023,2023-11-27,悬疑,导演-9,中国,152,7.4,0.08,0.27
M1406,电影-0406,2022,2022-06-10,悬疑,导演-72,韩国,169,7.8,3.28,11.65
M1407,电影-0407,2024,2024-06-07,动画,导演-60,中国,149,7.5,0.73,3.74
M1408,电影-0408,2022,2022-05-12,动画,导演-60,美国,156,7.9,2.12,6.97
M1409,电影-0409,2022,2022-04-04,动作,导演-79,英国,132,5.9,1.93,13.07
M1410,电影-0410,2020,2020-04-15,悬疑,导演-58,法国,156,9.1,0.02,0.09
M1411,电影-0411,2022,2022-09-07,动画,导演-62,日本,150,6.7,0.06,0.35
M1412,电影-0412,2022,2022-04-06,纪录片,导演-40,法国,91,6.5,2.04,11.16
M1413,电影-0413,2020,2020-06-26,动画,导演-58,美国,81,6.9,5.77,40.72
M1414,电影-0414,2020,2020-06-12,剧情,导演-75,美国,104,8.1,2.14,9.96
M1415,电影-0415,2020,2020-02-18,科幻,导演-55,法国,118,7.6,0.67,1.76
M1416,电影-0416,2023,2023-04-20,喜剧,导演-42,日本,150,8.3,0.04,0.2
M1417,电影-0417,2021,2021-12-15,爱情,导演-59,日本,90,6.6,0.86,5.2
M1418,电影-0418,2021,2021-05-05,剧情,导演-44,韩国,172,6.9,2.63,16.24
M1419,电影-0419,2023,2023-02-18,纪录片,导演-7,韩国,138,8.1,1.5,7.8
M1420,电影-0420,2021,2021-03-20,动作,导演-71,美国,103,6.8,0.75,4.93
M1421,电影-0421,2023,2023-03-05,动作,导演-38,美国,159,6.8,0.05,0.19
M1422,电影-0422,2022,2022-02-23,纪录片,导演-46,美国,144,7.9,0.34,2.69
M1423,电影-0423,2022,2022-04-08,科幻,导演-79,法国,95,6.3,0.69,2.45
M1424,电影-0424,2021,2021-01-13,纪录片,导演-50,美国,157,8.3,0.79,5.88
M1425,电影-0425,2023,2023-08-12,爱情,导演-1,美国,151,7.7,1.49,3.12
M1426,电影-0426,2023,2023-09-21,剧情,导演-13,日本,98,7.1,0.58,2.45
M1427,电影-0427,2023,2023-11-25,爱情,导演-77,美国,122,6.6,2.12,13.33
M1428,电影-0428,2023,2023-06-02,科幻,导演-61,英国,81,6.4,0.25,1.96
M1429,电影-0429,2024,2024-10-15,动画,导演-72,美国,164,6.5,3.47,16.76
M1430,电影-0430,2022,2022-10-23,爱情,导演-8,法国,145,8.8,2.2,14.02
M1431,电影-0431,2024,2024-12-19,动画,导演-74,日本,90,8.2,2.18,13.52
M1432,电影-0432,2024,2024-06-09,纪录片,导演-37,韩国,140,7.3,2.04,14.15
M1433,电影-0433,2021,2021-01-17,动画,导演-76,法国,179,8.4,1.63,10.98
M1434,电影-0434,2023,2023-11-09,爱情,导演-69,美国,83,6.9,0.14,0.55
M1435,电影-0435,2024,2024-09-04,动作,导演-17,美国,117,6.0,1.34,3.37
M1436,电影-0436,2021,2021-06-21,纪录片,导演-37,法国,90,9.4,0.7,2.11
M1437,电影-0437,2022,2022-10-26,爱情,导演-45,法国,96,5.7,0.4,1.76
M1438,电影-0438,2021,2021-07-17,悬疑,导演-57,日本,165,6.7,0.34,1.3
M1439,电影-0439,2021,2021-04-24,纪录片,导演-58,法国,164,6.6,0.76,5.49
M1440,电影-0440,2021,2021-10-04,剧情,导演-52,英国,147,6.5,0.12,0.25
M1441,电影-0441,2024,2024-10-01,喜剧,导演-78,韩国,131,7.5,1.45,3.54
M1442,电影-0442,2020,2020-06-26,悬疑,导演-73,英国,146,7.5,1.2,2.48
M1443,电影-0443,2024,2024-04-06,科幻,导演-20,美国,145,8.0,1.15,6.97
M1444,电影-0444,2022,2022-12-27,动画,导演-44,法国,142,7.8,2.01,6.48
M1445,电影-0445,2021,2021-01-04,剧情,导演-6,英国,130,7.2,0.48,3.11
M1446,电影-0446,2022,2022-11-25,动画,导演-58,中国,109,6.7,1.54,3.32
M1447,电影-0447,2020,2020-08-05,科幻,导演-74,中国,82,8.0,0.64,2.42
M1448,电影-0448,2022,2022-11-17,剧情,导演-72,美国,179,5.0,1.26,6.99
M1449,电影-0449,2024,2024-05-10,动画,导演-74,英国,97,8.9,6.45,18.75
M1450,电影-0450,2022,2022-07-04,动作,导演-61,美国,121,6.9,5.49,11.19
M1451,电影-0451,2020,2020-03-22,动作,导演-74,韩国,89,7.1,0.72,5.35
M1452,电影-0452,2022,2022-05-16,动作,导演-32,美国,171,5.1,2.46,5.78
M1453,电影-0453,2020,2020-02-12,悬疑,导演-7,法国,180,8.7,13.33,66.49
M1454,电影-0454,2022,2022-01-03,动画,导演-4,中国,90,7.3,0.1,0.65
M1455,电影-0455,2020,2020-03-13,动作,导演-63,中国,143,9.0,0.02,0.07
M1456,电影-0456,2023,2023-07-14,喜剧,导演-40,英国,153,8.7,2.05,15.74
M1457,电影-0457,2023,2023-11-12,科幻,导演-63,英国,96,6.9,6.18,22.74
M1458,电影-0458,2023,2023-04-16,悬疑,导演-35,日本,91,6.8,0.8,3.79
M1459,电影-0459,2021,2021-04-01,剧情,导演-42,中国,125,7.0,0.68,2.32
M1460,电影-0460,2020,2020-07-13,喜剧,导演-59,法国,169,7.5,0.86,3.34
M1461,电影-0461,2022,2022-11-25,悬疑,导演-23,法国,94,5.3,1.63,9.47
M1462,电影-0462,2023,2023-10-20,爱情,导演-4,法国,108,7.6,0.47,2.35
M1463,电影-0463,2024,2024-07-09,喜剧,导演-44,韩国,177,9.2,0.17,1.23
M1464,电影-0464,2023,2023-07-17,科幻,导演-42,日本,140,6.4,0.17,0.61
M1465,电影-0465,2022,2022-06-24,爱情,导演-76,韩国,128,5.8,3.85,17.42
M1466,电影-0466,2023,2023-01-02,动作,导演-32,美国,126,7.6,0.65,1.75
M1467,电影-0467,2022,2022-03-18,剧情,导演-17,法国,115,7.8,0.21,1.53
M1468,电影-0468,2022,2022-12-19,动画,导演-19,韩国,81,6.5,0.3,1.49
M1469,电影-0469,2024,2024-10-11,动画,导演-26,中国,149,4.8,1.13,5.07
M1470,电影-0470,2023,2023-12-16,剧情,导演-69,英国,139,7.4,0.41,2.2
M1471,电影-0471,2024,2024-12-09,爱情,导演-71,法国,148,6.1,0.21,0.48
M1472,电影-0472,2024,2024-11-25,科幻,导演-8,中国,164,5.6,2.16,8.4
M1473,电影-0473,2024,2024-02-17,动作,导演-31,中国,108,8.1,1.19,3.21
M1474,电影-0474,2022,2022-12-05,纪录片,导演-1,韩国,83,5.9,1.5,8.76
M1475,电影-0475,2021,2021-09-15,科幻,导演-26,英国,176,9.4,2.97,7.72
M1476,电影-0476,2022,2022-03-27,科幻,导演-21,法国,163,6.8,1.37,9.77
M1477,电影-0477,2020,2020-07-20,纪录片,导演-17,韩国,117,6.9,3.32,7.87
M1478,电影-0478,2022,2022-03-09,悬疑,导演-3,韩国,163,7.4,0.13,0.49
M1479,电影-0479,2022,2022-02-04,爱情,导演-75,法国,110,7.2,0.18,0.65
M1480,电影-0480,2022,2022-01-05,喜剧,导演-49,日本,135,7.4,3.5,20.5
M1481,电影-0481,2023,2023-05-19,科幻,导演-23,英国,173,6.6,1.81,9.07
M1482,电影-0482,2021,2021-02-11,悬疑,导演-63,英国,144,6.9,1.42,6.04
M1483,电影-0483,2021,2021-02-22,喜剧,导演-47,法国,85,6.9,1.38,8.05
M1484,电影-0484,2020,2020-08-21,动作,导演-5,日本,90,6.5,2.16,12.77
M1485,电影-0485,2023,2023-08-27,纪录片,导演-46,中国,150,7.3,1.41,4.51
M1486,电影-0486,2024,2024-05-15,动画,导演-72,韩国,119,6.5,3.25,13.74
M1487,电影-0487,2020,2020-10-18,喜剧,导演-3,法国,110,7.4,5.22,11.08
M1488,电影-0488,2022,2022-11-17,喜剧,导演-63,英国,133,8.3,0.95,2.99
M1489,电影-0489,2021,2021-10-18,纪录片,导演-37,美国,175,7.3,1.39,6.33
M1490,电影-0490,2020,2020-04-26,动作,导演-63,法国,148,7.2,0.2,1.36
M1491,电影-0491,2023,2023-01-24,动作,导演-26,韩国,134,7.8,0.09,0.65
M1492,电影-0492,2020,2020-05-10,悬疑,导演-6,中国,157,6.8,0.39,3.03
M1493,电影-0493,2021,2021-12-18,纪录片,导演-62,韩国,125,6.3,3.6,22.61
M1494,电影-0494,2020,2020-05-07,爱情,导演-74,日本,169,7.3,1.62,7.94
M1495,电影-0495,2023,2023-10-15,剧情,导演-73,中国,123,6.6,0.76,3.05
M1496,电影-0496,2022,2022-05-19,悬疑,导演-42,法国,100,6.9,3.48,9.89
M1497,电影-0497,2022,2022-07-15,悬疑,导演-73,日本,144,4.8,1.75,5.36
M1498,电影-0498,2022,2022-11-06,喜剧,导演-66,韩国,146,7.9,0.21,1.52
M1499,电影-0499,2024,2024-10-04,动画,导演-55,日本,128,6.3,0.22,0.54
