sku_id,sku_name,category,warehouse_id,stock_qty,reorder_point,unit_cost,last_restock_date,turnover_days,is_low_stock
SKU30000,商品-0000,运动,W03,7,70,318.51,2026-03-06,22.1,0
SKU30001,商品-0001,家居,W04,6,44,25.44,2026-02-22,39.4,1
SKU30002,商品-0002,母婴,W06,71,32,408.42,2026-03-31,17.9,0
SKU30003,商品-0003,家居,W02,16,22,256.18,2026-02-05,86.2,0
SKU30004,商品-0004,图书,W09,41,90,228.42,2026-04-03,43.4,0
SKU30005,商品-0005,图书,W09,167,38,335.86,2026-04-12,86.6,0
SKU30006,商品-0006,电子,W02,394,77,365.83,2026-02-09,52.9,0
SKU30007,商品-0007,美妆,W06,53,54,290.3,2026-04-01,63.5,0
SKU30008,商品-0008,图书,W04,40,83,191.83,2026-04-02,65.1,0
SKU30009,商品-0009,家居,W09,93,81,85.74,2026-02-24,13.9,0
SKU30010,商品-0010,美妆,W10,209,71,389.21,2026-02-02,31.2,0
SKU30011,商品-0011,运动,W10,80,42,487.3,2026-03-14,87.8,0
SKU30012,商品-0012,图书,W10,224,51,358.13,2026-04-01,71.4,1
SKU30013,商品-0013,运动,W06,65,58,459.02,2026-03-16,9.1,0
SKU30014,商品-0014,母婴,W01,7,23,68.41,2026-02-15,63.2,0
SKU30015,商品-0015,食品,W01,65,84,308.25,2026-01-17,60.1,0
SKU30016,商品-0016,美妆,W06,13,86,138.07,2026-01-26,53.3,0
SKU30017,商品-0017,电子,W03,371,25,473.35,2026-04-25,21.4,0
SKU30018,商品-0018,电子,W08,160,55,163.33,2026-01-22,40.3,0
SKU30019,商品-0019,服装,W10,67,69,20.62,2026-03-02,31.7,0
SKU30020,商品-0020,家居,W09,241,42,11.97,2026-03-31,45.2,1
SKU30021,商品-0021,美妆,W10,49,65,120.56,2026-04-13,12.5,0
SKU30022,商品-0022,运动,W02,662,47,66.68,2026-04-20,53.7,0
SKU30023,商品-0023,服装,W01,378,55,330.79,2026-02-15,22.4,0
SKU30024,商品-0024,图书,W07,266,87,340.25,2026-01-17,70.5,0
SKU30025,商品-0025,图书,W09,52,42,289.95,2026-03-20,18.8,0
SKU30026,商品-0026,母婴,W02,340,90,397.18,2026-03-25,48.7,0
SKU30027,商品-0027,运动,W05,153,45,332.06,2026-02-01,82.6,0
SKU30028,商品-0028,美妆,W05,24,39,159.78,2026-02-06,44.5,0
SKU30029,商品-0029,家居,W03,205,21,57.38,2026-02-11,82.3,0
SKU30030,商品-0030,母婴,W02,18,48,427.63,2026-02-25,45.9,0
SKU30031,商品-0031,食品,W06,64,83,80.9,2026-04-20,15.1,0
SKU30032,商品-0032,运动,W08,103,91,47.17,2026-01-27,48.9,0
SKU30033,商品-0033,运动,W07,366,32,205.85,2026-02-16,51.3,0
SKU30034,商品-0034,食品,W10,55,69,432.75,2026-04-11,44.3,0
SKU30035,商品-0035,食品,W01,127,78,398.7,2026-03-14,21.5,0
SKU30036,商品-0036,美妆,W03,433,80,69.69,2026-04-26,29.7,0
SKU30037,商品-0037,美妆,W05,296,92,322.36,2026-04-24,59.4,0
SKU30038,商品-0038,母婴,W05,52,84,465.29,2026-01-18,68.4,0
SKU30039,商品-0039,运动,W05,69,40,9.67,2026-02-25,40.6,1
SKU30040,商品-0040,电子,W07,8,79,142.54,2026-03-07,15.2,0
SKU30041,商品-0041,图书,W06,469,88,288.93,2026-01-16,70.9,0
SKU30042,商品-0042,母婴,W04,139,76,426.84,2026-01-16,11.0,0
SKU30043,商品-0043,美妆,W08,1010,56,73.1,2026-01-22,14.8,0
SKU30044,商品-0044,母婴,W03,73,89,49.93,2026-04-24,47.5,0
SKU30045,商品-0045,美妆,W03,132,24,180.94,2026-02-15,63.5,0
SKU30046,商品-0046,电子,W07,71,65,63.01,2026-02-10,11.9,0
SKU30047,商品-0047,服装,W10,323,70,113.44,2026-05-01,82.1,0
SKU30048,商品-0048,美妆,W01,470,96,106.33,2026-01-10,28.3,0
SKU30049,商品-0049,服装,W03,100,59,414.33,2026-02-17,37.1,0
SKU30050,商品-0050,运动,W02,216,28,208.68,2026-04-23,82.3,0
SKU30051,商品-0051,运动,W04,63,90,122.73,2026-03-13,26.8,0
SKU30052,商品-0052,家居,W10,113,95,452.62,2026-01-05,65.6,0
SKU30053,商品-0053,家居,W03,198,56,368.03,2026-01-06,53.0,0
SKU30054,商品-0054,电子,W02,24,39,471.4,2026-02-10,79.1,0
SKU30055,商品-0055,食品,W09,88,94,315.69,2026-04-16,68.2,0
SKU30056,商品-0056,图书,W02,661,57,94.72,2026-01-23,24.0,0
SKU30057,商品-0057,食品,W01,282,79,345.41,2026-04-09,64.0,0
SKU30058,商品-0058,图书,W06,246,34,44.6,2026-01-25,14.3,0
SKU30059,商品-0059,母婴,W07,95,54,85.73,2026-01-11,37.9,0
SKU30060,商品-0060,母婴,W08,128,73,377.15,2026-01-28,50.4,0
SKU30061,商品-0061,母婴,W03,253,64,174.69,2026-02-06,12.6,0
SKU30062,商品-0062,食品,W04,131,53,326.26,2026-03-22,65.5,0
SKU30063,商品-0063,母婴,W06,298,85,24.13,2026-03-17,88.3,0
SKU30064,商品-0064,母婴,W08,39,23,479.57,2026-02-24,67.0,1
SKU30065,商品-0065,服装,W07,524,84,488.01,2026-03-27,70.2,0
SKU30066,商品-0066,电子,W06,139,86,48.85,2026-03-29,76.1,0
SKU30067,商品-0067,电子,W04,897,99,231.88,2026-01-30,72.4,0
SKU30068,商品-0068,电子,W06,141,62,291.6,2026-02-22,78.5,0
SKU30069,商品-0069,运动,W02,38,25,207.17,2026-02-20,77.2,0
SKU30070,商品-0070,美妆,W04,36,61,349.57,2026-02-19,48.6,0
SKU30071,商品-0071,电子,W05,251,42,140.41,2026-03-15,50.1,1
SKU30072,商品-0072,运动,W10,34,43,61.37,2026-04-26,33.2,1
SKU30073,商品-0073,服装,W10,24,50,237.79,2026-01-28,31.0,0
SKU30074,商品-0074,图书,W02,327,38,442.96,2026-01-11,15.6,0
SKU30075,商品-0075,美妆,W02,157,92,438.93,2026-01-21,17.9,0
SKU30076,商品-0076,服装,W08,88,61,428.96,2026-03-04,18.0,0
SKU30077,商品-0077,电子,W06,247,27,325.0,2026-03-14,18.1,0
SKU30078,商品-0078,电子,W08,64,40,166.52,2026-03-04,43.9,1
SKU30079,商品-0079,服装,W10,251,96,264.86,2026-01-07,32.1,0
SKU30080,商品-0080,运动,W07,126,83,496.39,2026-01-08,72.4,0
SKU30081,商品-0081,母婴,W04,403,93,254.56,2026-01-09,43.4,0
SKU30082,商品-0082,食品,W07,37,76,442.3,2026-03-28,81.8,0
SKU30083,商品-0083,母婴,W05,254,83,474.91,2026-01-11,64.3,0
SKU30084,商品-0084,图书,W09,213,43,345.95,2026-02-19,34.8,0
SKU30085,商品-0085,图书,W08,118,91,251.11,2026-02-14,15.9,1
SKU30086,商品-0086,服装,W03,681,46,284.39,2026-04-15,18.1,0
SKU30087,商品-0087,服装,W04,160,38,94.29,2026-01-01,18.7,0
SKU30088,商品-0088,母婴,W09,202,47,183.12,2026-04-10,69.7,0
SKU30089,商品-0089,食品,W10,557,66,15.2,2026-02-19,51.9,0
SKU30090,商品-0090,母婴,W08,93,37,484.39,2026-04-04,32.5,1
SKU30091,商品-0091,图书,W09,77,84,305.92,2026-03-11,40.1,1
SKU30092,商品-0092,家居,W06,97,68,286.16,2026-02-07,36.8,0
SKU30093,商品-0093,图书,W09,61,35,168.53,2026-02-04,43.0,0
SKU30094,商品-0094,美妆,W07,51,86,41.25,2026-04-18,35.4,0
SKU30095,商品-0095,图书,W09,602,48,424.78,2026-03-13,86.9,1
SKU30096,商品-0096,家居,W04,145,82,216.86,2026-03-19,53.2,1
SKU30097,商品-0097,母婴,W02,133,52,475.6,2026-01-04,52.7,0
SKU30098,商品-0098,家居,W05,43,34,485.74,2026-02-15,35.2,0
SKU30099,商品-0099,运动,W01,209,23,201.38,2026-03-04,80.7,0
SKU30100,商品-0100,运动,W05,20,88,222.37,2026-04-04,24.9,0
SKU30101,商品-0101,母婴,W04,132,26,306.69,2026-03-21,16.7,1
SKU30102,商品-0102,母婴,W09,118,83,27.95,2026-01-14,32.1,0
SKU30103,商品-0103,图书,W02,84,71,259.57,2026-03-04,38.4,0
SKU30104,商品-0104,美妆,W05,490,71,388.48,2026-01-30,58.0,0
SKU30105,商品-0105,美妆,W10,328,38,261.94,2026-03-20,24.9,0
SKU30106,商品-0106,服装,W04,99,39,347.91,2026-04-04,18.0,0
SKU30107,商品-0107,服装,W10,371,77,52.48,2026-02-10,68.1,0
SKU30108,商品-0108,母婴,W10,95,92,156.77,2026-03-15,35.0,0
SKU30109,商品-0109,运动,W06,57,70,103.88,2026-04-30,27.8,1
SKU30110,商品-0110,家居,W01,215,29,5.41,2026-03-05,80.5,0
SKU30111,商品-0111,美妆,W02,250,86,247.9,2026-02-14,40.2,0
SKU30112,商品-0112,母婴,W08,795,27,55.87,2026-01-03,38.9,0
SKU30113,商品-0113,家居,W02,78,31,436.4,2026-02-15,48.4,0
SKU30114,商品-0114,图书,W04,84,95,80.39,2026-04-27,43.0,1
SKU30115,商品-0115,家居,W07,218,35,458.27,2026-02-09,22.1,0
SKU30116,商品-0116,图书,W06,56,87,41.38,2026-04-08,70.9,0
SKU30117,商品-0117,运动,W10,903,69,411.3,2026-01-20,88.4,0
SKU30118,商品-0118,图书,W10,942,48,394.22,2026-02-04,75.8,0
SKU30119,商品-0119,图书,W10,335,93,414.8,2026-04-17,55.3,0
SKU30120,商品-0120,图书,W10,282,41,223.11,2026-01-30,72.2,0
SKU30121,商品-0121,美妆,W05,27,98,471.43,2026-04-07,78.4,0
SKU30122,商品-0122,运动,W05,259,79,488.93,2026-01-13,60.6,1
SKU30123,商品-0123,母婴,W04,188,32,194.33,2026-02-15,62.4,0
SKU30124,商品-0124,食品,W09,276,38,409.39,2026-04-19,16.5,0
SKU30125,商品-0125,电子,W04,57,67,311.74,2026-03-05,83.0,1
SKU30126,商品-0126,运动,W05,257,51,303.78,2026-01-19,74.0,0
SKU30127,商品-0127,服装,W06,178,67,370.12,2026-04-06,19.2,0
SKU30128,商品-0128,美妆,W03,22,68,226.68,2026-03-30,16.9,0
SKU30129,商品-0129,运动,W04,384,91,107.69,2026-03-30,12.0,0
SKU30130,商品-0130,母婴,W06,107,63,226.0,2026-01-05,27.6,0
SKU30131,商品-0131,食品,W03,42,53,229.53,2026-02-05,52.9,0
SKU30132,商品-0132,运动,W10,45,45,491.82,2026-04-28,43.2,0
SKU30133,商品-0133,家居,W05,57,99,214.52,2026-04-21,67.9,0
SKU30134,商品-0134,母婴,W09,660,27,263.81,2026-04-23,19.4,0
SKU30135,商品-0135,母婴,W02,313,93,315.99,2026-04-07,68.6,0
SKU30136,商品-0136,图书,W03,32,52,30.24,2026-04-05,65.6,1
SKU30137,商品-0137,食品,W10,417,56,407.96,2026-03-11,74.0,0
SKU30138,商品-0138,运动,W04,107,26,434.86,2026-02-12,74.9,1
SKU30139,商品-0139,电子,W09,55,64,386.97,2026-03-19,30.6,0
SKU30140,商品-0140,运动,W03,9,69,372.45,2026-02-01,15.0,0
SKU30141,商品-0141,母婴,W09,464,35,21.61,2026-02-10,59.2,0
SKU30142,商品-0142,电子,W10,295,86,356.29,2026-01-31,46.8,1
SKU30143,商品-0143,图书,W10,112,33,191.31,2026-03-06,76.2,0
SKU30144,商品-0144,母婴,W05,212,46,416.57,2026-03-03,31.5,0
SKU30145,商品-0145,母婴,W05,123,60,213.45,2026-03-23,42.2,1
SKU30146,商品-0146,食品,W09,53,97,310.4,2026-01-29,38.0,0
SKU30147,商品-0147,电子,W09,38,47,111.39,2026-03-22,14.2,0
SKU30148,商品-0148,运动,W10,6,37,311.5,2026-04-03,9.1,0
SKU30149,商品-0149,家居,W04,7,38,494.05,2026-01-30,16.3,0
SKU30150,商品-0150,服装,W08,336,61,489.74,2026-01-14,77.4,0
SKU30151,商品-0151,家居,W06,148,21,397.21,2026-02-24,35.2,0
SKU30152,商品-0152,服装,W06,52,69,189.38,2026-01-12,16.6,0
SKU30153,商品-0153,家居,W06,262,73,148.24,2026-02-26,31.4,0
SKU30154,商品-0154,食品,W09,103,98,202.6,2026-04-19,10.1,0
SKU30155,商品-0155,服装,W01,124,55,375.55,2026-03-21,65.9,0
SKU30156,商品-0156,服装,W02,245,100,227.91,2026-02-12,80.8,0
SKU30157,商品-0157,家居,W04,124,22,248.82,2026-03-20,13.3,1
SKU30158,商品-0158,家居,W04,282,50,389.04,2026-02-13,8.2,0
SKU30159,商品-0159,家居,W05,100,96,219.19,2026-01-14,16.1,0
SKU30160,商品-0160,图书,W06,724,73,16.48,2026-04-01,39.7,1
SKU30161,商品-0161,食品,W03,176,85,255.59,2026-04-08,11.1,0
SKU30162,商品-0162,美妆,W08,21,64,482.43,2026-03-22,40.0,0
SKU30163,商品-0163,家居,W04,201,57,405.54,2026-04-14,50.7,0
SKU30164,商品-0164,电子,W04,330,20,467.25,2026-03-06,66.0,1
SKU30165,商品-0165,服装,W06,68,76,333.7,2026-01-03,40.5,0
SKU30166,商品-0166,美妆,W04,140,67,204.78,2026-01-07,57.9,0
SKU30167,商品-0167,图书,W10,343,43,302.66,2026-04-24,85.3,1
SKU30168,商品-0168,母婴,W01,442,95,52.31,2026-04-29,40.6,0
SKU30169,商品-0169,运动,W03,197,55,169.15,2026-03-20,74.9,0
SKU30170,商品-0170,食品,W07,47,69,292.54,2026-03-08,83.3,0
SKU30171,商品-0171,运动,W03,309,65,280.23,2026-04-02,14.4,0
SKU30172,商品-0172,母婴,W01,439,56,17.39,2026-04-09,73.2,0
SKU30173,商品-0173,家居,W08,61,71,238.52,2026-02-16,32.9,0
SKU30174,商品-0174,食品,W08,886,78,358.86,2026-03-16,68.3,0
SKU30175,商品-0175,食品,W09,219,36,195.39,2026-03-08,61.6,0
SKU30176,商品-0176,服装,W02,320,78,54.18,2026-01-07,16.6,0
SKU30177,商品-0177,食品,W09,495,51,141.23,2026-04-30,12.0,0
SKU30178,商品-0178,电子,W03,816,69,67.41,2026-01-26,60.1,0
SKU30179,商品-0179,母婴,W09,134,27,42.7,2026-04-12,12.6,0
SKU30180,商品-0180,运动,W08,37,71,469.66,2026-02-19,21.6,0
SKU30181,商品-0181,家居,W04,94,40,368.75,2026-03-25,48.0,0
SKU30182,商品-0182,食品,W01,44,89,267.77,2026-01-24,41.9,0
SKU30183,商品-0183,图书,W03,9,68,69.82,2026-03-20,54.9,1
SKU30184,商品-0184,运动,W07,90,49,84.18,2026-03-03,49.3,0
SKU30185,商品-0185,服装,W06,16,64,141.91,2026-03-14,7.0,0
SKU30186,商品-0186,美妆,W04,309,60,492.33,2026-01-16,56.1,1
SKU30187,商品-0187,食品,W10,87,65,44.49,2026-02-03,36.0,0
SKU30188,商品-0188,服装,W07,73,59,339.41,2026-02-27,59.6,0
SKU30189,商品-0189,家居,W07,556,83,383.64,2026-04-27,63.8,0
SKU30190,商品-0190,电子,W05,99,81,113.3,2026-01-21,85.3,1
SKU30191,商品-0191,图书,W05,425,86,363.07,2026-02-19,52.1,0
SKU30192,商品-0192,母婴,W07,121,23,488.4,2026-01-02,56.4,0
SKU30193,商品-0193,电子,W07,45,22,453.96,2026-02-22,37.0,0
SKU30194,商品-0194,图书,W03,312,46,302.13,2026-01-12,76.4,0
SKU30195,商品-0195,食品,W10,35,69,177.72,2026-03-17,68.4,1
SKU30196,商品-0196,食品,W06,20,95,411.82,2026-04-16,49.4,0
SKU30197,商品-0197,美妆,W05,135,36,44.77,2026-01-26,35.8,0
SKU30198,商品-0198,食品,W01,79,86,97.15,2026-01-04,13.2,0
SKU30199,商品-0199,图书,W01,126,98,50.8,2026-03-06,44.7,0
SKU30200,商品-0200,运动,W07,224,37,310.04,2026-01-03,53.5,0
SKU30201,商品-0201,图书,W05,76,32,294.7,2026-02-23,7.3,0
SKU30202,商品-0202,美妆,W09,176,83,304.42,2026-04-04,11.2,0
SKU30203,商品-0203,美妆,W08,188,68,282.25,2026-03-26,38.0,1
SKU30204,商品-0204,食品,W01,438,79,427.04,2026-01-31,60.4,0
SKU30205,商品-0205,母婴,W04,566,92,247.03,2026-04-07,31.6,0
SKU30206,商品-0206,服装,W10,654,46,294.15,2026-04-16,70.8,0
SKU30207,商品-0207,食品,W08,522,89,54.19,2026-03-30,38.7,0
SKU30208,商品-0208,食品,W05,382,48,466.22,2026-03-30,18.4,0
SKU30209,商品-0209,图书,W05,124,52,390.7,2026-04-18,58.7,0
SKU30210,商品-0210,服装,W05,74,69,375.06,2026-04-19,78.4,0
SKU30211,商品-0211,母婴,W06,270,99,127.67,2026-04-25,27.8,0
SKU30212,商品-0212,运动,W05,122,35,427.36,2026-01-12,78.6,0
SKU30213,商品-0213,美妆,W06,1069,82,83.89,2026-03-31,65.9,1
SKU30214,商品-0214,家居,W03,181,98,384.75,2026-04-25,51.8,1
SKU30215,商品-0215,图书,W10,159,37,200.53,2026-03-18,73.6,0
SKU30216,商品-0216,母婴,W02,446,49,91.5,2026-04-09,88.5,0
SKU30217,商品-0217,电子,W10,59,40,355.64,2026-02-08,87.0,0
SKU30218,商品-0218,家居,W05,62,97,474.17,2026-02-13,81.0,0
SKU30219,商品-0219,运动,W06,272,45,348.39,2026-01-08,45.7,0
SKU30220,商品-0220,美妆,W07,206,28,382.65,2026-04-27,7.3,0
SKU30221,商品-0221,母婴,W07,195,45,452.28,2026-04-27,87.2,0
SKU30222,商品-0222,母婴,W01,69,43,384.61,2026-02-03,60.2,0
SKU30223,商品-0223,食品,W01,94,24,107.28,2026-02-12,82.8,1
SKU30224,商品-0224,电子,W05,98,51,392.34,2026-03-10,71.4,0
SKU30225,商品-0225,电子,W01,20,46,324.94,2026-01-01,82.0,0
SKU30226,商品-0226,食品,W02,12,22,255.99,2026-03-09,18.6,0
SKU30227,商品-0227,运动,W08,522,71,43.29,2026-04-21,89.0,0
SKU30228,商品-0228,食品,W04,332,67,472.94,2026-03-17,77.4,0
SKU30229,商品-0229,图书,W08,620,84,336.22,2026-02-18,47.9,0
SKU30230,商品-0230,服装,W08,266,49,490.57,2026-02-28,32.5,0
SKU30231,商品-0231,电子,W04,324,66,387.06,2026-01-18,64.8,1
SKU30232,商品-0232,电子,W04,162,84,273.0,2026-01-03,15.2,0
SKU30233,商品-0233,家居,W10,272,86,10.68,2026-01-18,16.1,0
SKU30234,商品-0234,电子,W02,13,23,290.58,2026-03-01,22.0,0
SKU30235,商品-0235,服装,W04,87,91,434.78,2026-03-20,87.4,0
SKU30236,商品-0236,服装,W09,91,61,322.13,2026-01-22,68.2,0
SKU30237,商品-0237,食品,W04,109,39,172.16,2026-03-08,76.7,0
SKU30238,商品-0238,家居,W08,13,81,95.7,2026-02-09,58.7,0
SKU30239,商品-0239,家居,W09,523,52,87.81,2026-04-28,65.5,0
SKU30240,商品-0240,运动,W07,68,48,76.91,2026-02-11,41.2,0
SKU30241,商品-0241,美妆,W05,249,51,14.59,2026-01-25,12.2,0
SKU30242,商品-0242,食品,W08,343,61,308.01,2026-02-05,28.3,0
SKU30243,商品-0243,母婴,W01,49,76,494.42,2026-01-07,25.0,0
SKU30244,商品-0244,运动,W06,69,62,472.84,2026-04-30,67.4,0
SKU30245,商品-0245,母婴,W04,152,25,246.13,2026-04-24,87.2,0
SKU30246,商品-0246,服装,W07,289,92,428.87,2026-01-26,83.8,0
SKU30247,商品-0247,运动,W01,71,52,227.88,2026-01-29,83.3,0
SKU30248,商品-0248,电子,W03,343,80,440.01,2026-04-24,88.8,0
SKU30249,商品-0249,运动,W10,113,79,256.08,2026-01-28,83.9,1
SKU30250,商品-0250,电子,W05,702,53,126.47,2026-04-17,13.2,0
SKU30251,商品-0251,电子,W05,499,90,99.01,2026-03-29,39.9,0
SKU30252,商品-0252,美妆,W08,111,44,52.25,2026-03-18,62.1,0
SKU30253,商品-0253,母婴,W07,169,32,184.06,2026-01-25,89.2,0
SKU30254,商品-0254,食品,W07,42,20,259.35,2026-01-06,26.7,0
SKU30255,商品-0255,运动,W04,516,60,232.34,2026-01-28,11.3,1
SKU30256,商品-0256,食品,W09,191,82,325.32,2026-02-03,10.8,0
SKU30257,商品-0257,食品,W03,310,92,24.2,2026-03-15,67.7,0
SKU30258,商品-0258,服装,W07,331,28,358.41,2026-03-02,76.5,0
SKU30259,商品-0259,家居,W08,463,65,176.65,2026-03-17,41.1,0
SKU30260,商品-0260,运动,W03,31,77,149.0,2026-01-06,15.4,1
SKU30261,商品-0261,服装,W03,30,80,298.81,2026-03-15,72.8,0
SKU30262,商品-0262,美妆,W05,3,79,128.17,2026-04-27,10.6,0
SKU30263,商品-0263,母婴,W10,669,41,422.74,2026-03-27,46.7,1
SKU30264,商品-0264,家居,W08,69,43,14.64,2026-03-15,65.0,1
SKU30265,商品-0265,食品,W03,197,47,170.6,2026-04-19,66.7,0
SKU30266,商品-0266,家居,W10,110,86,408.56,2026-01-22,72.4,0
SKU30267,商品-0267,服装,W06,137,29,106.14,2026-02-16,72.7,0
SKU30268,商品-0268,美妆,W05,199,95,154.13,2026-03-19,70.0,0
SKU30269,商品-0269,美妆,W05,437,34,131.48,2026-03-15,76.0,1
SKU30270,商品-0270,电子,W06,48,96,242.49,2026-01-22,61.1,0
SKU30271,商品-0271,图书,W05,310,92,61.69,2026-01-06,60.2,0
SKU30272,商品-0272,家居,W01,169,85,405.78,2026-04-21,90.0,0
SKU30273,商品-0273,美妆,W10,691,91,96.44,2026-01-08,52.2,0
SKU30274,商品-0274,电子,W03,341,51,205.41,2026-04-26,8.6,0
SKU30275,商品-0275,食品,W05,327,69,480.77,2026-04-28,31.7,0
SKU30276,商品-0276,食品,W06,414,21,252.11,2026-03-26,61.1,0
SKU30277,商品-0277,运动,W10,225,74,134.2,2026-01-16,24.8,0
SKU30278,商品-0278,运动,W06,63,26,495.45,2026-02-08,27.0,0
SKU30279,商品-0279,家居,W05,110,36,204.62,2026-02-03,12.7,0
SKU30280,商品-0280,美妆,W02,268,68,22.2,2026-02-05,16.3,0
SKU30281,商品-0281,服装,W06,111,33,364.47,2026-03-23,17.4,0
SKU30282,商品-0282,电子,W09,35,48,342.68,2026-03-04,52.4,0
SKU30283,商品-0283,母婴,W01,765,45,83.37,2026-04-12,21.4,1
SKU30284,商品-0284,服装,W10,117,56,495.97,2026-03-30,42.0,0
SKU30285,商品-0285,运动,W07,103,48,472.73,2026-03-12,54.3,0
SKU30286,商品-0286,运动,W04,7,87,237.82,2026-02-23,20.4,0
SKU30287,商品-0287,图书,W05,232,65,290.54,2026-04-20,66.9,1
SKU30288,商品-0288,母婴,W10,3,58,398.77,2026-02-06,55.1,0
SKU30289,商品-0289,电子,W06,548,83,33.11,2026-02-21,24.9,0
SKU30290,商品-0290,运动,W01,535,97,242.84,2026-02-07,60.5,0
SKU30291,商品-0291,母婴,W04,66,90,47.11,2026-03-20,70.9,0
SKU30292,商品-0292,电子,W04,0,55,419.13,2026-01-11,78.2,0
SKU30293,商品-0293,服装,W01,289,76,26.05,2026-03-21,37.8,1
SKU30294,商品-0294,美妆,W05,349,100,393.94,2026-04-20,39.0,0
SKU30295,商品-0295,电子,W01,66,83,126.14,2026-02-07,80.9,0
SKU30296,商品-0296,图书,W06,21,60,6.18,2026-04-27,54.4,1
SKU30297,商品-0297,图书,W01,373,55,92.29,2026-02-18,17.7,0
SKU30298,商品-0298,图书,W09,130,99,153.92,2026-04-24,21.2,0
SKU30299,商品-0299,图书,W10,252,59,258.47,2026-03-30,54.6,0
SKU30300,商品-0300,服装,W04,277,56,433.76,2026-04-30,26.6,0
SKU30301,商品-0301,图书,W03,89,62,238.26,2026-02-25,12.9,0
SKU30302,商品-0302,运动,W04,1,72,198.97,2026-04-09,13.3,0
SKU30303,商品-0303,服装,W08,210,87,251.05,2026-01-07,72.8,1
SKU30304,商品-0304,运动,W10,186,44,117.52,2026-02-03,74.8,0
SKU30305,商品-0305,图书,W08,17,59,341.93,2026-01-15,74.6,0
SKU30306,商品-0306,美妆,W04,24,21,42.81,2026-03-24,43.7,0
SKU30307,商品-0307,美妆,W01,285,22,498.15,2026-04-14,46.1,0
SKU30308,商品-0308,运动,W07,62,92,360.75,2026-02-16,68.7,0
SKU30309,商品-0309,图书,W07,159,30,389.84,2026-03-22,14.1,0
SKU30310,商品-0310,图书,W02,69,25,359.54,2026-03-12,78.9,1
SKU30311,商品-0311,服装,W05,246,57,96.8,2026-03-26,85.1,0
SKU30312,商品-0312,食品,W09,72,56,308.1,2026-01-25,68.1,0
SKU30313,商品-0313,电子,W06,150,92,251.56,2026-02-15,80.7,0
SKU30314,商品-0314,运动,W05,83,84,194.14,2026-02-06,49.2,0
SKU30315,商品-0315,美妆,W02,50,90,273.04,2026-02-28,70.9,0
SKU30316,商品-0316,食品,W03,57,78,160.72,2026-03-01,65.2,0
SKU30317,商品-0317,家居,W09,807,67,266.13,2026-02-23,37.6,0
SKU30318,商品-0318,图书,W06,88,29,157.29,2026-04-13,68.7,0
SKU30319,商品-0319,运动,W05,416,92,499.5,2026-03-05,22.6,0
SKU30320,商品-0320,家居,W02,137,28,40.69,2026-03-13,16.9,1
SKU30321,商品-0321,食品,W08,72,28,239.54,2026-04-26,19.7,0
SKU30322,商品-0322,家居,W06,53,96,200.99,2026-04-16,28.7,0
SKU30323,商品-0323,食品,W02,8,64,321.3,2026-04-06,70.0,0
SKU30324,商品-0324,电子,W10,29,98,191.42,2026-04-13,13.8,0
SKU30325,商品-0325,图书,W10,91,20,97.45,2026-01-24,89.9,0
SKU30326,商品-0326,食品,W01,51,90,118.5,2026-03-19,15.3,0
SKU30327,商品-0327,运动,W03,497,64,21.46,2026-04-09,55.9,0
SKU30328,商品-0328,电子,W07,205,62,322.62,2026-01-30,28.7,0
SKU30329,商品-0329,母婴,W10,38,56,115.69,2026-03-08,64.0,0
SKU30330,商品-0330,家居,W08,227,34,180.88,2026-04-03,70.2,0
SKU30331,商品-0331,美妆,W10,460,38,432.65,2026-02-02,7.7,0
SKU30332,商品-0332,家居,W08,208,38,31.14,2026-03-24,22.0,0
SKU30333,商品-0333,服装,W06,140,77,162.13,2026-03-11,57.1,0
SKU30334,商品-0334,电子,W08,350,30,123.79,2026-04-30,89.2,0
SKU30335,商品-0335,食品,W07,30,99,496.24,2026-02-26,18.2,0
SKU30336,商品-0336,食品,W03,56,84,128.88,2026-02-28,81.7,0
SKU30337,商品-0337,母婴,W09,286,85,37.71,2026-01-11,19.0,0
SKU30338,商品-0338,图书,W04,59,62,209.58,2026-02-20,57.2,0
SKU30339,商品-0339,图书,W02,368,25,71.19,2026-03-16,86.7,0
SKU30340,商品-0340,服装,W04,546,38,392.76,2026-02-12,33.5,0
SKU30341,商品-0341,美妆,W02,417,49,179.98,2026-01-04,44.7,0
SKU30342,商品-0342,电子,W10,415,48,19.51,2026-01-17,20.9,0
SKU30343,商品-0343,服装,W10,48,76,185.61,2026-02-13,74.3,0
SKU30344,商品-0344,美妆,W09,55,24,269.08,2026-01-01,38.8,0
SKU30345,商品-0345,服装,W03,457,57,237.39,2026-03-31,53.8,0
SKU30346,商品-0346,母婴,W02,31,99,392.32,2026-02-19,48.4,1
SKU30347,商品-0347,服装,W01,235,37,88.52,2026-04-20,62.8,1
SKU30348,商品-0348,运动,W07,65,44,8.14,2026-03-20,77.7,1
SKU30349,商品-0349,运动,W01,29,39,478.46,2026-03-25,12.5,0
SKU30350,商品-0350,美妆,W05,83,61,407.19,2026-04-23,68.6,0
SKU30351,商品-0351,美妆,W05,84,94,18.07,2026-04-15,52.9,0
SKU30352,商品-0352,服装,W06,117,24,259.57,2026-01-03,33.9,0
SKU30353,商品-0353,美妆,W05,196,100,196.82,2026-03-07,37.9,0
SKU30354,商品-0354,电子,W07,58,35,498.58,2026-04-26,68.3,1
SKU30355,商品-0355,电子,W06,0,68,221.16,2026-02-03,54.7,0
SKU30356,商品-0356,图书,W02,216,33,164.26,2026-03-22,31.9,0
SKU30357,商品-0357,食品,W03,56,54,35.97,2026-01-01,51.8,1
SKU30358,商品-0358,美妆,W02,99,84,285.24,2026-04-12,73.3,0
SKU30359,商品-0359,母婴,W09,201,68,440.62,2026-03-18,37.1,0
SKU30360,商品-0360,服装,W07,1004,47,125.16,2026-03-31,66.4,0
SKU30361,商品-0361,食品,W06,149,37,277.16,2026-04-13,27.7,0
SKU30362,商品-0362,母婴,W08,68,84,351.98,2026-04-12,49.9,1
SKU30363,商品-0363,母婴,W03,130,78,473.33,2026-03-30,8.1,0
SKU30364,商品-0364,家居,W07,75,89,13.49,2026-04-17,45.2,0
SKU30365,商品-0365,母婴,W10,183,29,120.84,2026-02-11,14.1,1
SKU30366,商品-0366,食品,W09,448,77,398.67,2026-03-22,73.7,0
SKU30367,商品-0367,运动,W05,240,57,128.39,2026-03-11,13.2,0
SKU30368,商品-0368,母婴,W07,1102,87,213.09,2026-04-16,53.3,0
SKU30369,商品-0369,母婴,W10,70,34,282.41,2026-03-22,68.3,0
SKU30370,商品-0370,美妆,W01,109,31,488.06,2026-04-19,55.3,0
SKU30371,商品-0371,家居,W08,49,98,301.74,2026-03-08,10.4,1
SKU30372,商品-0372,母婴,W10,136,65,206.57,2026-01-01,74.5,0
SKU30373,商品-0373,家居,W02,49,29,291.94,2026-02-14,89.9,1
SKU30374,商品-0374,服装,W09,71,82,113.07,2026-03-04,7.6,0
SKU30375,商品-0375,家居,W05,95,36,319.55,2026-02-05,73.2,0
SKU30376,商品-0376,服装,W02,161,67,440.07,2026-01-10,8.3,0
SKU30377,商品-0377,美妆,W08,18,32,203.28,2026-04-12,52.7,0
SKU30378,商品-0378,家居,W04,110,44,38.31,2026-03-01,78.2,1
SKU30379,商品-0379,运动,W07,206,73,125.28,2026-04-07,53.2,0
SKU30380,商品-0380,母婴,W02,160,33,436.09,2026-04-05,15.6,0
SKU30381,商品-0381,家居,W02,361,57,122.97,2026-02-04,52.3,0
SKU30382,商品-0382,服装,W01,85,50,216.53,2026-01-18,36.9,1
SKU30383,商品-0383,运动,W05,51,98,85.39,2026-02-12,38.7,0
SKU30384,商品-0384,母婴,W06,129,92,473.94,2026-02-27,21.7,0
SKU30385,商品-0385,食品,W04,355,79,403.45,2026-03-19,61.2,1
SKU30386,商品-0386,家居,W09,217,89,247.63,2026-01-18,81.4,0
SKU30387,商品-0387,食品,W03,16,51,451.74,2026-04-29,34.1,0
SKU30388,商品-0388,图书,W01,222,35,278.35,2026-01-13,79.0,1
SKU30389,商品-0389,美妆,W02,43,96,227.67,2026-02-22,82.3,0
SKU30390,商品-0390,美妆,W06,229,89,220.75,2026-01-08,66.1,0
SKU30391,商品-0391,服装,W06,154,45,344.26,2026-03-02,60.0,1
SKU30392,商品-0392,服装,W06,280,94,264.19,2026-02-02,29.5,0
SKU30393,商品-0393,母婴,W05,140,33,170.14,2026-04-28,56.7,0
SKU30394,商品-0394,服装,W07,227,92,443.47,2026-01-10,14.3,1
SKU30395,商品-0395,运动,W07,87,36,134.79,2026-01-02,88.5,0
SKU30396,商品-0396,美妆,W08,77,38,470.34,2026-01-07,42.6,0
SKU30397,商品-0397,服装,W07,69,84,307.77,2026-04-10,66.0,0
SKU30398,商品-0398,电子,W08,201,66,364.23,2026-04-21,27.9,0
SKU30399,商品-0399,服装,W02,46,33,13.92,2026-04-02,41.8,0
SKU30400,商品-0400,图书,W08,264,76,156.76,2026-01-07,83.2,0
SKU30401,商品-0401,服装,W05,186,92,128.87,2026-03-29,11.9,0
SKU30402,商品-0402,电子,W03,2,23,425.51,2026-04-24,47.4,0
SKU30403,商品-0403,食品,W04,455,53,236.81,2026-03-31,46.0,0
SKU30404,商品-0404,食品,W03,33,96,391.67,2026-02-15,53.9,0
SKU30405,商品-0405,母婴,W10,854,40,294.45,2026-03-23,82.9,0
SKU30406,商品-0406,食品,W07,258,37,436.29,2026-03-28,11.9,0
SKU30407,商品-0407,电子,W07,227,48,224.12,2026-02-09,83.0,1
SKU30408,商品-0408,美妆,W01,76,95,217.99,2026-04-15,77.4,0
SKU30409,商品-0409,电子,W04,255,70,136.53,2026-02-04,50.4,0
SKU30410,商品-0410,图书,W02,434,98,484.23,2026-03-27,39.6,0
SKU30411,商品-0411,美妆,W08,43,27,118.32,2026-02-26,16.9,0
SKU30412,商品-0412,服装,W04,22,94,68.92,2026-01-18,59.7,0
SKU30413,商品-0413,母婴,W01,152,28,175.95,2026-04-03,64.2,0
SKU30414,商品-0414,美妆,W08,221,93,74.61,2026-03-04,81.6,0
SKU30415,商品-0415,美妆,W06,60,49,280.38,2026-04-14,20.0,0
SKU30416,商品-0416,家居,W01,233,65,237.52,2026-04-05,17.8,0
SKU30417,商品-0417,图书,W01,545,38,102.22,2026-01-30,25.1,0
SKU30418,商品-0418,运动,W08,260,53,126.96,2026-01-30,33.4,0
SKU30419,商品-0419,母婴,W01,85,97,325.66,2026-04-24,60.3,0
SKU30420,商品-0420,运动,W10,282,28,176.07,2026-02-15,85.1,0
SKU30421,商品-0421,食品,W08,90,88,301.7,2026-02-15,17.7,0
SKU30422,商品-0422,母婴,W04,201,20,463.79,2026-04-17,31.2,0
SKU30423,商品-0423,家居,W07,128,83,429.04,2026-01-12,64.7,1
SKU30424,商品-0424,服装,W02,2,52,390.83,2026-04-10,89.5,0
SKU30425,商品-0425,家居,W06,76,74,360.72,2026-04-29,17.8,0
SKU30426,商品-0426,运动,W09,11,69,265.04,2026-04-13,71.7,0
SKU30427,商品-0427,电子,W10,474,61,31.77,2026-01-02,50.7,0
SKU30428,商品-0428,家居,W03,117,72,124.78,2026-02-03,7.2,0
SKU30429,商品-0429,食品,W03,19,52,141.73,2026-04-27,73.4,0
SKU30430,商品-0430,运动,W09,373,20,379.64,2026-03-21,22.5,0
SKU30431,商品-0431,美妆,W10,538,92,450.9,2026-04-28,10.3,0
SKU30432,商品-0432,美妆,W10,262,55,320.45,2026-03-02,67.3,0
SKU30433,商品-0433,服装,W08,395,28,335.79,2026-03-18,53.6,0
SKU30434,商品-0434,电子,W02,671,53,117.44,2026-02-18,37.1,0
SKU30435,商品-0435,运动,W04,24,44,386.09,2026-04-27,49.8,0
SKU30436,商品-0436,母婴,W01,90,71,130.41,2026-01-26,67.7,0
SKU30437,商品-0437,美妆,W09,155,72,122.68,2026-01-28,11.2,0
SKU30438,商品-0438,服装,W07,55,72,327.02,2026-01-19,50.7,0
SKU30439,商品-0439,电子,W05,24,78,222.1,2026-02-28,74.1,0
SKU30440,商品-0440,美妆,W06,37,81,162.0,2026-03-08,11.8,0
SKU30441,商品-0441,运动,W05,491,87,136.22,2026-02-11,82.7,0
SKU30442,商品-0442,图书,W09,23,83,21.26,2026-02-08,13.2,1
SKU30443,商品-0443,运动,W04,21,98,53.65,2026-01-17,46.0,1
SKU30444,商品-0444,美妆,W06,64,76,278.32,2026-04-08,36.5,0
SKU30445,商品-0445,电子,W08,235,53,212.3,2026-02-08,77.2,0
SKU30446,商品-0446,运动,W05,393,71,12.04,2026-03-17,41.2,0
SKU30447,商品-0447,美妆,W09,631,86,427.31,2026-01-03,28.2,0
SKU30448,商品-0448,图书,W09,60,65,427.74,2026-03-30,36.2,0
SKU30449,商品-0449,美妆,W08,10,33,132.39,2026-01-01,69.2,0
SKU30450,商品-0450,图书,W06,452,100,19.26,2026-04-28,27.3,1
SKU30451,商品-0451,运动,W08,5,76,499.35,2026-02-12,36.2,1
SKU30452,商品-0452,美妆,W07,78,76,237.35,2026-04-15,85.9,0
SKU30453,商品-0453,图书,W06,35,21,478.15,2026-03-17,55.2,0
SKU30454,商品-0454,母婴,W06,98,62,451.91,2026-02-23,36.9,0
SKU30455,商品-0455,电子,W09,19,41,23.7,2026-01-19,30.8,0
SKU30456,商品-0456,食品,W05,14,32,384.96,2026-02-02,85.2,0
SKU30457,商品-0457,食品,W05,46,55,72.65,2026-02-18,49.3,0
SKU30458,商品-0458,美妆,W06,280,21,289.83,2026-03-03,87.6,0
SKU30459,商品-0459,电子,W08,794,57,269.61,2026-03-23,43.6,0
SKU30460,商品-0460,图书,W08,31,59,403.04,2026-02-11,74.0,0
SKU30461,商品-0461,服装,W04,434,21,372.62,2026-04-01,84.6,0
SKU30462,商品-0462,图书,W10,6,32,328.77,2026-03-25,54.7,0
SKU30463,商品-0463,图书,W01,436,41,368.92,2026-01-04,81.0,0
SKU30464,商品-0464,美妆,W08,69,55,57.93,2026-01-16,8.8,0
SKU30465,商品-0465,电子,W09,116,23,147.63,2026-03-23,21.8,0
SKU30466,商品-0466,服装,W10,366,39,154.68,2026-04-19,39.5,0
SKU30467,商品-0467,服装,W04,221,86,25.08,2026-02-25,20.7,0
SKU30468,商品-0468,家居,W04,122,44,122.45,2026-02-07,9.3,0
SKU30469,商品-0469,美妆,W02,720,31,9.72,2026-03-19,12.5,0
SKU30470,商品-0470,服装,W07,138,99,224.3,2026-03-01,63.8,0
SKU30471,商品-0471,美妆,W05,207,100,275.21,2026-01-15,43.1,0
SKU30472,商品-0472,电子,W09,115,74,402.68,2026-03-12,25.0,0
SKU30473,商品-0473,家居,W08,195,40,110.44,2026-02-03,23.6,1
SKU30474,商品-0474,服装,W08,106,22,357.6,2026-04-25,62.6,0
SKU30475,商品-0475,运动,W03,49,82,250.39,2026-03-22,68.2,0
SKU30476,商品-0476,母婴,W06,74,53,477.1,2026-04-13,54.0,1
SKU30477,商品-0477,运动,W07,447,57,77.01,2026-04-04,72.1,1
SKU30478,商品-0478,图书,W08,118,42,39.52,2026-04-12,21.8,1
SKU30479,商品-0479,美妆,W01,172,94,124.98,2026-04-23,16.4,0
SKU30480,商品-0480,服装,W04,54,92,272.09,2026-02-17,47.3,1
SKU30481,商品-0481,图书,W04,268,97,405.89,2026-02-01,52.6,0
SKU30482,商品-0482,食品,W10,126,62,138.08,2026-02-02,29.0,0
SKU30483,商品-0483,食品,W03,113,28,320.5,2026-03-23,23.3,0
SKU30484,商品-0484,家居,W02,444,87,452.65,2026-04-17,84.8,1
SKU30485,商品-0485,运动,W05,81,84,106.58,2026-03-26,20.7,0
SKU30486,商品-0486,家居,W09,167,36,216.32,2026-03-29,72.8,0
SKU30487,商品-0487,食品,W04,74,93,42.42,2026-02-10,11.2,0
SKU30488,商品-0488,运动,W09,48,42,311.27,2026-02-02,74.6,0
SKU30489,商品-0489,服装,W08,536,33,327.96,2026-04-01,66.3,1
SKU30490,商品-0490,美妆,W01,19,74,304.45,2026-04-08,27.5,0
SKU30491,商品-0491,运动,W10,91,69,129.85,2026-04-20,78.9,0
SKU30492,商品-0492,母婴,W09,50,73,370.36,2026-02-14,67.8,0
SKU30493,商品-0493,母婴,W02,614,86,338.2,2026-03-19,13.8,0
SKU30494,商品-0494,图书,W10,54,27,444.79,2026-03-04,60.8,0
SKU30495,商品-0495,服装,W06,315,62,34.5,2026-04-05,89.5,0
SKU30496,商品-0496,运动,W04,116,64,219.0,2026-03-06,53.4,0
SKU30497,商品-0497,母婴,W10,456,70,339.59,2026-04-22,44.5,0
SKU30498,商品-0498,家居,W07,339,22,303.0,2026-01-17,34.7,0
SKU30499,商品-0499,食品,W01,263,20,488.65,2026-02-11,15.9,0
SKU30500,商品-0500,家居,W05,18,47,411.49,2026-04-08,62.8,0
SKU30501,商品-0501,电子,W03,245,94,78.99,2026-04-11,86.2,0
SKU30502,商品-0502,电子,W09,205,78,80.74,2026-01-20,46.0,0
SKU30503,商品-0503,美妆,W08,118,50,15.72,2026-03-10,66.1,0
SKU30504,商品-0504,家居,W10,127,87,115.16,2026-02-22,75.9,1
SKU30505,商品-0505,母婴,W10,366,89,386.43,2026-01-24,58.3,0
SKU30506,商品-0506,美妆,W07,802,26,106.54,2026-03-08,69.0,0
SKU30507,商品-0507,母婴,W05,1080,61,134.6,2026-04-05,13.4,0
SKU30508,商品-0508,食品,W04,167,73,42.15,2026-03-23,48.8,0
SKU30509,商品-0509,母婴,W10,409,80,386.9,2026-04-30,55.0,0
SKU30510,商品-0510,美妆,W01,91,97,425.56,2026-01-28,69.6,0
SKU30511,商品-0511,服装,W10,5,21,92.39,2026-04-20,88.1,0
SKU30512,商品-0512,食品,W03,609,55,128.06,2026-03-19,45.8,0
SKU30513,商品-0513,服装,W07,55,22,193.25,2026-04-27,48.2,0
SKU30514,商品-0514,母婴,W02,148,76,455.13,2026-03-03,40.0,1
SKU30515,商品-0515,图书,W04,5,100,176.72,2026-01-27,46.7,0
SKU30516,商品-0516,电子,W07,20,24,161.14,2026-04-06,66.7,0
SKU30517,商品-0517,食品,W10,81,85,451.52,2026-03-24,60.7,0
SKU30518,商品-0518,家居,W08,6,76,157.81,2026-04-16,18.7,0
SKU30519,商品-0519,食品,W07,71,99,294.19,2026-03-17,48.0,0
SKU30520,商品-0520,电子,W04,225,60,5.15,2026-01-04,30.6,0
SKU30521,商品-0521,美妆,W10,331,31,233.39,2026-02-03,79.1,0
SKU30522,商品-0522,服装,W03,419,87,367.8,2026-02-08,53.4,0
SKU30523,商品-0523,图书,W01,322,69,326.23,2026-03-19,79.5,0
SKU30524,商品-0524,食品,W06,316,66,418.32,2026-01-27,22.4,0
SKU30525,商品-0525,食品,W08,128,56,401.95,2026-02-11,35.5,1
SKU30526,商品-0526,电子,W08,571,82,281.01,2026-03-25,12.7,0
SKU30527,商品-0527,图书,W07,77,39,75.56,2026-02-12,84.7,0
SKU30528,商品-0528,美妆,W08,69,87,216.86,2026-03-05,54.9,0
SKU30529,商品-0529,运动,W09,285,32,219.32,2026-01-13,81.1,0
SKU30530,商品-0530,图书,W07,148,24,211.0,2026-03-22,74.3,0
SKU30531,商品-0531,美妆,W02,66,65,223.12,2026-01-29,23.1,0
SKU30532,商品-0532,食品,W06,117,88,383.87,2026-04-09,81.0,0
SKU30533,商品-0533,电子,W02,346,52,237.43,2026-03-22,36.3,0
SKU30534,商品-0534,食品,W05,35,44,56.6,2026-02-07,66.6,1
SKU30535,商品-0535,母婴,W06,25,87,82.42,2026-02-05,85.6,0
SKU30536,商品-0536,电子,W03,26,25,340.05,2026-01-07,83.5,0
SKU30537,商品-0537,家居,W03,30,96,272.36,2026-03-30,87.8,1
SKU30538,商品-0538,母婴,W02,77,20,492.05,2026-04-28,53.7,0
SKU30539,商品-0539,母婴,W09,380,100,47.25,2026-02-14,17.9,0
SKU30540,商品-0540,母婴,W01,236,76,89.13,2026-01-07,72.8,0
SKU30541,商品-0541,电子,W10,45,41,155.55,2026-04-21,84.7,0
SKU30542,商品-0542,家居,W10,49,75,467.0,2026-01-20,46.0,0
SKU30543,商品-0543,家居,W10,28,86,21.37,2026-04-10,77.2,0
SKU30544,商品-0544,母婴,W03,394,78,314.33,2026-01-22,83.9,1
SKU30545,商品-0545,母婴,W09,224,57,362.63,2026-01-18,11.1,1
SKU30546,商品-0546,家居,W10,48,41,397.92,2026-01-31,61.5,0
SKU30547,商品-0547,运动,W07,59,25,333.0,2026-04-26,55.7,0
SKU30548,商品-0548,图书,W04,83,37,234.76,2026-04-03,83.6,0
SKU30549,商品-0549,电子,W08,426,73,407.99,2026-02-12,79.3,1
SKU30550,商品-0550,食品,W02,90,50,87.68,2026-03-08,63.4,0
SKU30551,商品-0551,母婴,W01,506,79,386.46,2026-03-21,86.6,0
SKU30552,商品-0552,母婴,W09,215,74,384.03,2026-04-26,85.8,0
SKU30553,商品-0553,服装,W09,135,70,330.91,2026-03-08,42.6,0
SKU30554,商品-0554,食品,W05,231,59,484.08,2026-04-22,14.4,0
SKU30555,商品-0555,美妆,W07,0,74,249.21,2026-01-18,23.8,0
SKU30556,商品-0556,运动,W02,164,71,98.95,2026-03-26,59.4,0
SKU30557,商品-0557,美妆,W07,44,60,52.11,2026-04-19,17.1,0
SKU30558,商品-0558,美妆,W02,277,51,125.13,2026-04-26,34.0,0
SKU30559,商品-0559,电子,W10,259,59,366.97,2026-04-07,25.3,1
SKU30560,商品-0560,运动,W05,123,57,459.94,2026-02-22,50.4,0
SKU30561,商品-0561,图书,W01,19,66,218.16,2026-03-22,53.6,0
SKU30562,商品-0562,家居,W03,299,42,408.53,2026-03-31,15.4,1
SKU30563,商品-0563,服装,W08,44,99,384.09,2026-02-12,82.7,0
SKU30564,商品-0564,食品,W08,5,39,327.5,2026-04-18,29.1,1
SKU30565,商品-0565,电子,W03,32,60,337.58,2026-03-17,44.1,0
SKU30566,商品-0566,图书,W09,88,36,386.71,2026-02-20,7.1,0
SKU30567,商品-0567,美妆,W02,102,20,248.84,2026-04-22,80.9,0
SKU30568,商品-0568,母婴,W04,176,47,79.26,2026-01-03,70.1,0
SKU30569,商品-0569,图书,W04,86,91,5.07,2026-01-06,19.9,0
SKU30570,商品-0570,图书,W05,127,41,72.34,2026-01-14,65.5,0
SKU30571,商品-0571,图书,W04,819,92,364.75,2026-02-12,37.5,0
SKU30572,商品-0572,家居,W04,150,38,99.06,2026-03-02,54.0,0
SKU30573,商品-0573,食品,W08,58,22,96.17,2026-04-10,18.7,0
SKU30574,商品-0574,食品,W06,451,73,404.65,2026-04-28,54.3,0
SKU30575,商品-0575,母婴,W07,49,77,34.27,2026-03-14,29.8,0
SKU30576,商品-0576,电子,W06,185,21,141.25,2026-04-25,88.1,0
SKU30577,商品-0577,图书,W04,30,81,274.26,2026-04-13,36.8,1
SKU30578,商品-0578,母婴,W02,351,71,153.32,2026-03-27,52.0,0
SKU30579,商品-0579,图书,W10,159,90,42.84,2026-04-13,41.2,0
SKU30580,商品-0580,母婴,W03,25,43,54.73,2026-02-05,15.8,0
SKU30581,商品-0581,美妆,W08,131,91,233.51,2026-03-02,57.7,1
SKU30582,商品-0582,食品,W07,308,93,389.88,2026-02-12,85.8,0
SKU30583,商品-0583,美妆,W08,341,33,177.46,2026-03-27,46.6,0
SKU30584,商品-0584,服装,W09,74,25,449.81,2026-03-31,50.2,0
SKU30585,商品-0585,美妆,W10,139,98,21.75,2026-01-03,65.2,0
SKU30586,商品-0586,母婴,W07,225,20,494.89,2026-02-28,57.2,1
SKU30587,商品-0587,图书,W09,152,52,48.35,2026-04-18,43.4,0
SKU30588,商品-0588,电子,W10,87,21,265.03,2026-01-30,22.6,0
SKU30589,商品-0589,母婴,W02,45,98,288.12,2026-02-21,13.5,0
SKU30590,商品-0590,运动,W09,341,49,92.48,2026-03-11,53.0,0
SKU30591,商品-0591,食品,W08,35,47,450.0,2026-03-15,74.9,0
SKU30592,商品-0592,图书,W02,98,85,129.74,2026-03-17,13.3,0
SKU30593,商品-0593,图书,W10,1165,24,185.23,2026-04-22,29.8,0
SKU30594,商品-0594,运动,W03,398,99,306.41,2026-01-15,33.2,1
SKU30595,商品-0595,服装,W06,449,96,435.1,2026-04-09,42.0,0
SKU30596,商品-0596,服装,W10,15,51,75.48,2026-03-18,13.6,0
SKU30597,商品-0597,运动,W05,458,69,263.88,2026-04-21,81.7,0
SKU30598,商品-0598,图书,W03,26,44,151.75,2026-03-29,31.7,0
SKU30599,商品-0599,美妆,W08,164,99,107.91,2026-02-19,76.7,0
SKU30600,商品-0600,运动,W06,165,41,56.63,2026-04-08,48.7,0
SKU30601,商品-0601,家居,W07,39,57,200.15,2026-02-02,46.9,0
SKU30602,商品-0602,母婴,W05,19,83,99.92,2026-03-25,8.5,0
SKU30603,商品-0603,母婴,W07,445,57,8.3,2026-04-26,18.1,0
SKU30604,商品-0604,电子,W01,573,48,188.05,2026-04-27,55.6,0
SKU30605,商品-0605,家居,W08,149,76,448.65,2026-02-02,47.9,0
SKU30606,商品-0606,服装,W07,37,21,232.73,2026-01-29,51.7,0
SKU30607,商品-0607,图书,W07,193,60,277.82,2026-03-09,30.1,0
SKU30608,商品-0608,运动,W01,100,68,212.45,2026-02-07,12.8,0
SKU30609,商品-0609,美妆,W09,447,26,178.46,2026-01-21,28.9,0
SKU30610,商品-0610,图书,W02,141,41,181.26,2026-03-26,32.4,0
SKU30611,商品-0611,美妆,W03,43,32,126.99,2026-03-30,70.0,0
SKU30612,商品-0612,食品,W05,66,85,373.09,2026-03-30,46.1,0
SKU30613,商品-0613,家居,W01,115,76,259.1,2026-03-18,79.7,1
SKU30614,商品-0614,服装,W09,321,59,167.53,2026-04-01,68.9,0
SKU30615,商品-0615,运动,W02,6,49,413.53,2026-02-08,38.7,0
SKU30616,商品-0616,美妆,W09,203,42,87.45,2026-01-24,23.2,0
SKU30617,商品-0617,图书,W08,214,32,81.28,2026-04-11,40.1,0
SKU30618,商品-0618,食品,W05,227,72,253.85,2026-04-07,58.1,0
SKU30619,商品-0619,电子,W01,197,65,344.97,2026-04-24,74.7,1
SKU30620,商品-0620,美妆,W06,478,27,475.61,2026-03-01,58.0,0
SKU30621,商品-0621,服装,W05,86,38,341.85,2026-03-10,46.6,0
SKU30622,商品-0622,母婴,W01,194,80,488.13,2026-02-08,24.9,0
SKU30623,商品-0623,运动,W04,107,27,478.05,2026-04-27,71.3,0
SKU30624,商品-0624,家居,W01,39,91,427.28,2026-02-01,63.8,0
SKU30625,商品-0625,母婴,W05,1,39,47.97,2026-02-02,80.3,0
SKU30626,商品-0626,图书,W08,14,90,234.91,2026-03-19,54.0,0
SKU30627,商品-0627,服装,W07,47,85,122.5,2026-04-07,85.7,0
SKU30628,商品-0628,美妆,W03,163,98,414.65,2026-03-05,42.7,1
SKU30629,商品-0629,服装,W05,128,62,195.32,2026-03-17,37.3,0
SKU30630,商品-0630,运动,W09,24,98,332.87,2026-03-21,89.1,0
SKU30631,商品-0631,美妆,W05,261,80,96.31,2026-03-13,36.6,0
SKU30632,商品-0632,家居,W03,28,92,79.88,2026-01-03,73.1,0
SKU30633,商品-0633,母婴,W03,151,34,157.2,2026-02-21,43.8,0
SKU30634,商品-0634,食品,W04,289,46,370.85,2026-03-29,18.6,0
SKU30635,商品-0635,美妆,W04,111,71,335.63,2026-01-10,60.0,0
SKU30636,商品-0636,食品,W04,6,60,420.37,2026-03-07,14.6,0
SKU30637,商品-0637,食品,W01,116,62,369.89,2026-03-28,9.8,0
SKU30638,商品-0638,食品,W05,53,71,239.51,2026-03-06,19.3,0
SKU30639,商品-0639,食品,W05,483,40,140.97,2026-04-16,47.2,0
SKU30640,商品-0640,美妆,W10,330,67,380.02,2026-04-07,80.1,0
SKU30641,商品-0641,食品,W07,335,36,104.67,2026-01-09,34.5,0
SKU30642,商品-0642,美妆,W03,163,100,205.9,2026-02-11,64.0,1
SKU30643,商品-0643,图书,W09,92,74,90.96,2026-02-15,78.8,0
SKU30644,商品-0644,图书,W04,124,99,398.46,2026-03-18,66.9,0
SKU30645,商品-0645,美妆,W08,31,81,247.2,2026-04-09,62.2,0
SKU30646,商品-0646,运动,W01,196,71,311.73,2026-01-06,71.5,0
SKU30647,商品-0647,家居,W10,227,32,371.46,2026-02-14,69.1,0
SKU30648,商品-0648,服装,W02,288,75,448.82,2026-04-26,40.0,1
SKU30649,商品-0649,食品,W08,8,58,359.45,2026-03-08,43.0,1
SKU30650,商品-0650,母婴,W10,300,78,473.11,2026-02-16,87.9,0
SKU30651,商品-0651,图书,W08,201,72,161.2,2026-04-13,40.8,0
SKU30652,商品-0652,电子,W01,111,79,463.47,2026-03-27,19.9,0
SKU30653,商品-0653,母婴,W05,0,59,300.71,2026-02-01,58.5,0
SKU30654,商品-0654,母婴,W07,192,92,152.38,2026-01-07,66.5,0
SKU30655,商品-0655,家居,W06,128,51,227.38,2026-03-24,60.6,0
SKU30656,商品-0656,美妆,W08,289,33,359.49,2026-04-06,27.2,0
SKU30657,商品-0657,美妆,W01,866,81,78.65,2026-02-25,22.7,1
SKU30658,商品-0658,电子,W04,70,58,168.69,2026-03-11,35.5,0
SKU30659,商品-0659,电子,W09,55,20,362.83,2026-01-28,13.6,1
SKU30660,商品-0660,母婴,W10,562,74,11.57,2026-04-10,52.0,0
SKU30661,商品-0661,美妆,W06,345,29,144.31,2026-01-12,55.5,1
SKU30662,商品-0662,图书,W05,41,73,88.51,2026-02-08,59.7,1
SKU30663,商品-0663,家居,W03,4,20,26.66,2026-02-19,54.0,0
SKU30664,商品-0664,电子,W10,178,62,188.54,2026-04-13,32.3,1
SKU30665,商品-0665,食品,W10,57,43,464.55,2026-01-11,24.8,0
SKU30666,商品-0666,食品,W05,233,28,51.68,2026-01-03,26.1,1
SKU30667,商品-0667,电子,W01,185,70,93.51,2026-02-22,55.3,0
SKU30668,商品-0668,母婴,W05,73,29,250.63,2026-02-22,85.0,0
SKU30669,商品-0669,美妆,W07,521,21,447.9,2026-04-17,85.8,0
SKU30670,商品-0670,服装,W07,256,66,121.52,2026-01-06,71.7,0
SKU30671,商品-0671,美妆,W07,39,84,231.35,2026-02-16,69.4,0
SKU30672,商品-0672,美妆,W01,23,50,382.8,2026-01-06,34.2,0
SKU30673,商品-0673,食品,W03,244,96,167.43,2026-02-04,68.3,0
SKU30674,商品-0674,食品,W10,17,52,147.67,2026-01-04,81.8,0
SKU30675,商品-0675,图书,W05,54,25,121.62,2026-01-01,69.7,0
SKU30676,商品-0676,食品,W02,754,93,376.67,2026-02-15,29.4,0
SKU30677,商品-0677,服装,W03,31,81,79.58,2026-03-26,45.6,0
SKU30678,商品-0678,服装,W07,189,71,488.44,2026-01-01,7.8,1
SKU30679,商品-0679,服装,W07,218,61,367.08,2026-02-08,37.9,0
SKU30680,商品-0680,运动,W04,166,90,445.94,2026-04-03,19.1,0
SKU30681,商品-0681,母婴,W09,66,20,34.62,2026-04-23,31.0,0
SKU30682,商品-0682,美妆,W01,273,97,263.15,2026-03-31,63.6,0
SKU30683,商品-0683,电子,W05,169,68,119.94,2026-04-15,23.7,0
SKU30684,商品-0684,家居,W06,25,45,116.14,2026-01-10,39.4,0
SKU30685,商品-0685,图书,W03,244,60,472.88,2026-02-23,80.4,0
SKU30686,商品-0686,美妆,W09,221,87,313.24,2026-04-15,11.1,1
SKU30687,商品-0687,电子,W02,5,58,98.7,2026-01-26,21.2,0
SKU30688,商品-0688,电子,W04,385,47,446.85,2026-01-24,10.8,0
SKU30689,商品-0689,服装,W07,26,98,374.45,2026-03-11,31.2,0
SKU30690,商品-0690,母婴,W08,45,79,330.38,2026-01-06,59.2,0
SKU30691,商品-0691,美妆,W03,33,95,309.6,2026-05-01,65.7,0
SKU30692,商品-0692,图书,W07,92,82,334.51,2026-04-23,33.0,0
SKU30693,商品-0693,服装,W02,58,38,332.75,2026-04-29,87.0,0
SKU30694,商品-0694,服装,W07,420,99,409.19,2026-01-06,85.0,0
SKU30695,商品-0695,图书,W04,259,60,31.14,2026-02-04,57.1,0
SKU30696,商品-0696,服装,W09,164,30,100.81,2026-04-17,11.2,0
SKU30697,商品-0697,服装,W04,16,24,61.68,2026-04-09,78.7,1
SKU30698,商品-0698,图书,W10,302,49,102.28,2026-03-06,25.5,0
SKU30699,商品-0699,电子,W01,18,56,405.42,2026-03-17,72.7,1
SKU30700,商品-0700,图书,W03,196,83,25.94,2026-04-17,57.2,1
SKU30701,商品-0701,图书,W07,127,59,211.58,2026-03-09,35.7,0
SKU30702,商品-0702,食品,W06,215,34,11.0,2026-02-13,84.9,0
SKU30703,商品-0703,食品,W08,113,80,230.58,2026-01-08,59.6,0
SKU30704,商品-0704,美妆,W10,77,42,82.3,2026-04-23,77.8,0
SKU30705,商品-0705,美妆,W04,539,91,176.84,2026-04-03,63.6,0
SKU30706,商品-0706,美妆,W05,20,48,7.31,2026-04-01,86.1,0
SKU30707,商品-0707,服装,W05,50,29,143.27,2026-03-17,84.4,0
SKU30708,商品-0708,运动,W08,188,31,234.8,2026-02-18,51.8,1
SKU30709,商品-0709,图书,W07,303,98,292.76,2026-02-02,56.7,0
SKU30710,商品-0710,食品,W07,81,87,61.37,2026-04-19,73.8,0
SKU30711,商品-0711,电子,W06,6,50,404.93,2026-04-10,11.7,0
SKU30712,商品-0712,电子,W01,64,30,418.0,2026-04-25,55.5,0
SKU30713,商品-0713,电子,W03,593,49,387.39,2026-02-01,72.6,1
SKU30714,商品-0714,家居,W06,40,83,39.13,2026-01-21,31.4,0
SKU30715,商品-0715,家居,W07,377,22,122.8,2026-01-11,73.7,0
SKU30716,商品-0716,运动,W10,9,87,144.29,2026-04-12,22.2,0
SKU30717,商品-0717,食品,W04,30,94,127.32,2026-03-23,78.7,0
SKU30718,商品-0718,家居,W06,217,28,233.7,2026-04-08,78.8,1
SKU30719,商品-0719,服装,W04,37,22,87.56,2026-03-28,27.0,1
SKU30720,商品-0720,食品,W05,104,71,77.77,2026-04-14,47.5,0
SKU30721,商品-0721,家居,W04,412,42,467.78,2026-04-20,63.2,0
SKU30722,商品-0722,图书,W03,335,39,84.75,2026-02-01,81.2,0
SKU30723,商品-0723,食品,W04,135,55,78.73,2026-01-12,19.4,0
SKU30724,商品-0724,运动,W05,537,58,427.54,2026-04-24,8.4,0
SKU30725,商品-0725,运动,W03,122,98,226.93,2026-01-30,61.9,0
SKU30726,商品-0726,服装,W03,79,24,77.47,2026-03-23,70.4,0
SKU30727,商品-0727,美妆,W02,9,65,82.35,2026-01-22,79.0,0
SKU30728,商品-0728,食品,W02,48,46,495.07,2026-02-02,18.5,1
SKU30729,商品-0729,美妆,W09,115,22,177.84,2026-04-22,83.5,0
SKU30730,商品-0730,母婴,W02,30,67,177.69,2026-02-12,16.9,0
SKU30731,商品-0731,电子,W07,227,58,462.32,2026-01-30,75.9,0
SKU30732,商品-0732,食品,W10,16,99,149.8,2026-02-18,63.9,0
SKU30733,商品-0733,美妆,W08,237,36,59.72,2026-02-08,8.8,0
SKU30734,商品-0734,图书,W10,76,83,213.77,2026-03-24,65.5,0
SKU30735,商品-0735,图书,W09,254,32,364.98,2026-02-28,74.5,0
SKU30736,商品-0736,服装,W06,110,32,381.24,2026-02-27,43.2,0
SKU30737,商品-0737,家居,W01,338,27,41.03,2026-03-14,74.0,0
SKU30738,商品-0738,服装,W03,475,73,471.26,2026-01-07,59.9,0
SKU30739,商品-0739,电子,W05,128,73,181.39,2026-04-03,69.8,1
SKU30740,商品-0740,家居,W07,133,31,161.8,2026-02-01,27.9,0
SKU30741,商品-0741,家居,W05,122,22,227.2,2026-01-11,49.4,0
SKU30742,商品-0742,电子,W03,182,62,148.71,2026-02-27,32.3,0
SKU30743,商品-0743,食品,W07,940,33,77.12,2026-02-10,14.9,0
SKU30744,商品-0744,家居,W01,497,28,206.24,2026-02-01,8.0,0
SKU30745,商品-0745,服装,W01,189,72,164.26,2026-02-15,19.6,0
SKU30746,商品-0746,图书,W04,139,82,478.94,2026-02-27,10.6,0
SKU30747,商品-0747,服装,W02,14,32,390.77,2026-04-07,39.6,1
SKU30748,商品-0748,服装,W06,876,20,414.88,2026-02-21,75.1,0
SKU30749,商品-0749,食品,W08,521,44,482.99,2026-02-06,50.1,0
SKU30750,商品-0750,运动,W02,24,96,107.96,2026-04-07,60.6,0
SKU30751,商品-0751,家居,W05,762,43,26.5,2026-02-20,47.0,0
SKU30752,商品-0752,食品,W02,636,86,482.59,2026-03-30,51.6,0
SKU30753,商品-0753,家居,W02,132,32,496.89,2026-03-14,26.4,0
SKU30754,商品-0754,服装,W10,59,33,58.48,2026-04-17,80.3,0
SKU30755,商品-0755,美妆,W09,228,80,13.43,2026-03-10,18.1,1
SKU30756,商品-0756,食品,W01,78,26,472.07,2026-01-13,10.6,0
SKU30757,商品-0757,美妆,W05,168,62,125.51,2026-02-14,53.3,0
SKU30758,商品-0758,服装,W10,288,41,392.93,2026-01-03,13.8,0
SKU30759,商品-0759,美妆,W10,7,33,318.32,2026-04-17,44.1,0
SKU30760,商品-0760,电子,W09,71,74,259.0,2026-04-13,55.1,1
SKU30761,商品-0761,电子,W02,15,79,168.47,2026-01-21,85.4,0
SKU30762,商品-0762,运动,W02,558,93,374.21,2026-04-19,31.2,0
SKU30763,商品-0763,图书,W10,413,60,435.16,2026-04-05,41.3,0
SKU30764,商品-0764,图书,W01,255,34,242.22,2026-02-02,38.0,0
SKU30765,商品-0765,运动,W05,289,91,439.69,2026-04-06,74.6,0
SKU30766,商品-0766,电子,W05,83,85,304.52,2026-04-29,9.7,0
SKU30767,商品-0767,美妆,W09,222,27,328.61,2026-04-25,89.5,0
SKU30768,商品-0768,图书,W06,143,43,294.6,2026-02-13,34.5,0
SKU30769,商品-0769,电子,W03,348,94,148.71,2026-04-26,73.4,0
SKU30770,商品-0770,图书,W10,158,24,108.66,2026-03-30,52.4,0
SKU30771,商品-0771,服装,W10,83,31,462.29,2026-03-30,48.7,0
SKU30772,商品-0772,服装,W05,292,47,363.0,2026-01-17,46.9,0
SKU30773,商品-0773,服装,W02,307,67,77.33,2026-02-17,62.6,1
SKU30774,商品-0774,运动,W10,784,62,14.19,2026-02-16,15.9,0
SKU30775,商品-0775,服装,W05,179,33,68.89,2026-02-25,28.7,1
SKU30776,商品-0776,家居,W07,630,82,5.29,2026-03-10,9.2,0
SKU30777,商品-0777,电子,W02,133,51,450.48,2026-04-14,28.3,0
SKU30778,商品-0778,母婴,W08,120,95,472.33,2026-02-17,60.9,0
SKU30779,商品-0779,服装,W01,40,20,322.85,2026-02-18,31.1,0
SKU30780,商品-0780,美妆,W06,58,48,300.57,2026-03-02,55.6,0
SKU30781,商品-0781,电子,W04,144,66,407.97,2026-04-18,21.1,1
SKU30782,商品-0782,图书,W08,349,36,13.3,2026-03-04,37.8,0
SKU30783,商品-0783,图书,W09,158,87,323.47,2026-02-22,82.0,0
SKU30784,商品-0784,服装,W10,140,30,98.47,2026-04-22,11.3,0
SKU30785,商品-0785,图书,W01,39,38,88.72,2026-01-19,7.7,0
SKU30786,商品-0786,电子,W07,0,39,112.53,2026-01-31,67.4,0
SKU30787,商品-0787,运动,W08,54,62,484.44,2026-03-18,33.3,0
SKU30788,商品-0788,母婴,W07,139,90,336.75,2026-03-18,59.2,0
SKU30789,商品-0789,电子,W06,213,75,47.62,2026-03-25,28.8,0
SKU30790,商品-0790,运动,W10,945,90,455.43,2026-01-16,25.7,0
SKU30791,商品-0791,母婴,W09,65,58,414.33,2026-02-22,53.2,0
SKU30792,商品-0792,美妆,W05,90,79,56.75,2026-04-02,42.9,0
SKU30793,商品-0793,母婴,W06,493,94,224.31,2026-02-25,46.8,0
SKU30794,商品-0794,美妆,W02,437,63,272.43,2026-01-19,56.0,0
SKU30795,商品-0795,美妆,W05,141,77,119.6,2026-02-28,82.9,0
SKU30796,商品-0796,母婴,W03,198,80,213.39,2026-03-07,42.4,0
SKU30797,商品-0797,家居,W10,339,84,42.45,2026-04-28,54.7,0
SKU30798,商品-0798,电子,W04,213,24,498.07,2026-01-08,74.5,0
SKU30799,商品-0799,美妆,W04,216,44,48.26,2026-02-23,51.0,0
SKU30800,商品-0800,母婴,W01,2,36,386.67,2026-04-06,18.5,0
SKU30801,商品-0801,图书,W08,445,29,257.35,2026-02-17,57.3,0
SKU30802,商品-0802,图书,W10,427,75,75.08,2026-02-01,87.7,0
SKU30803,商品-0803,运动,W08,142,62,389.88,2026-02-05,64.5,1
SKU30804,商品-0804,家居,W01,16,35,393.67,2026-04-05,22.9,0
SKU30805,商品-0805,运动,W10,182,42,394.6,2026-04-27,25.7,0
SKU30806,商品-0806,家居,W10,84,28,284.59,2026-03-12,34.2,0
SKU30807,商品-0807,食品,W06,123,61,90.44,2026-01-09,16.6,0
SKU30808,商品-0808,服装,W01,183,52,419.51,2026-04-22,61.3,0
SKU30809,商品-0809,母婴,W10,126,86,321.74,2026-01-31,32.3,0
SKU30810,商品-0810,图书,W06,845,63,6.79,2026-02-26,49.9,0
SKU30811,商品-0811,家居,W04,209,29,98.66,2026-01-02,70.3,0
SKU30812,商品-0812,电子,W06,62,98,433.65,2026-03-10,88.3,0
SKU30813,商品-0813,食品,W09,14,20,427.78,2026-04-21,70.9,0
SKU30814,商品-0814,母婴,W08,56,23,220.45,2026-02-07,40.9,0
SKU30815,商品-0815,服装,W09,77,83,139.51,2026-04-23,8.2,0
SKU30816,商品-0816,运动,W01,145,31,117.66,2026-04-12,21.5,1
SKU30817,商品-0817,图书,W01,161,95,336.04,2026-02-25,68.3,1
SKU30818,商品-0818,服装,W02,28,38,289.79,2026-01-15,52.8,0
SKU30819,商品-0819,图书,W06,118,82,24.4,2026-03-16,68.5,0
SKU30820,商品-0820,服装,W05,122,43,394.91,2026-03-25,12.5,0
SKU30821,商品-0821,图书,W01,679,90,356.44,2026-04-19,24.5,0
SKU30822,商品-0822,电子,W04,132,87,411.75,2026-03-11,85.2,1
SKU30823,商品-0823,服装,W06,129,46,123.12,2026-03-07,32.6,0
SKU30824,商品-0824,美妆,W05,56,90,441.99,2026-04-03,39.1,0
SKU30825,商品-0825,图书,W04,309,33,393.56,2026-02-18,54.9,0
SKU30826,商品-0826,运动,W04,808,70,37.73,2026-02-14,60.9,0
SKU30827,商品-0827,服装,W09,912,64,182.64,2026-04-17,72.4,0
SKU30828,商品-0828,食品,W09,202,64,404.37,2026-01-28,44.8,0
SKU30829,商品-0829,运动,W09,593,28,273.01,2026-02-12,72.3,0
SKU30830,商品-0830,食品,W04,45,30,212.58,2026-02-20,9.8,0
SKU30831,商品-0831,美妆,W06,91,79,55.41,2026-01-05,50.8,0
SKU30832,商品-0832,母婴,W04,107,72,227.08,2026-02-01,28.4,0
SKU30833,商品-0833,运动,W09,48,48,350.56,2026-03-20,86.2,0
SKU30834,商品-0834,服装,W10,86,70,281.01,2026-01-09,81.3,0
SKU30835,商品-0835,运动,W05,215,57,431.11,2026-02-18,82.2,0
SKU30836,商品-0836,服装,W05,46,52,231.01,2026-04-16,65.8,0
SKU30837,商品-0837,母婴,W02,416,45,399.53,2026-02-04,89.1,0
SKU30838,商品-0838,家居,W05,49,43,380.03,2026-03-11,86.8,1
SKU30839,商品-0839,母婴,W07,255,55,331.89,2026-04-05,18.8,1
SKU30840,商品-0840,服装,W10,103,76,338.17,2026-01-20,65.3,0
SKU30841,商品-0841,美妆,W04,186,99,182.63,2026-01-03,63.1,0
SKU30842,商品-0842,运动,W05,403,96,318.57,2026-02-17,45.5,0
SKU30843,商品-0843,美妆,W02,190,92,405.18,2026-04-25,85.3,1
SKU30844,商品-0844,家居,W09,185,37,303.08,2026-02-14,15.0,0
SKU30845,商品-0845,美妆,W05,436,85,43.71,2026-04-17,32.5,0
SKU30846,商品-0846,食品,W04,22,78,172.51,2026-04-07,7.0,0
SKU30847,商品-0847,运动,W04,222,61,180.75,2026-01-18,20.7,0
SKU30848,商品-0848,母婴,W09,28,37,335.94,2026-02-07,73.8,0
SKU30849,商品-0849,电子,W07,83,79,250.88,2026-04-11,42.9,0
SKU30850,商品-0850,食品,W05,2,73,456.3,2026-03-05,27.2,0
SKU30851,商品-0851,运动,W06,39,68,397.43,2026-01-24,74.8,1
SKU30852,商品-0852,母婴,W02,546,55,467.28,2026-02-26,20.7,0
SKU30853,商品-0853,食品,W09,511,76,63.18,2026-01-24,66.3,0
SKU30854,商品-0854,电子,W03,136,23,236.82,2026-01-07,88.5,0
SKU30855,商品-0855,运动,W09,2,43,90.57,2026-03-20,41.0,0
SKU30856,商品-0856,母婴,W02,338,47,198.97,2026-03-22,32.0,0
SKU30857,商品-0857,家居,W07,243,75,306.5,2026-01-02,50.0,0
SKU30858,商品-0858,电子,W01,202,50,404.55,2026-04-15,67.8,0
SKU30859,商品-0859,运动,W02,109,95,400.67,2026-04-17,77.6,0
SKU30860,商品-0860,电子,W05,5,44,409.91,2026-04-06,82.5,1
SKU30861,商品-0861,家居,W09,58,61,66.45,2026-02-03,42.1,0
SKU30862,商品-0862,美妆,W03,78,26,142.29,2026-01-22,19.0,0
SKU30863,商品-0863,服装,W01,39,96,104.76,2026-04-25,85.6,0
SKU30864,商品-0864,图书,W05,224,59,226.96,2026-01-29,57.8,0
SKU30865,商品-0865,电子,W10,146,57,406.69,2026-03-20,57.8,0
SKU30866,商品-0866,食品,W10,21,63,254.71,2026-04-18,36.4,0
SKU30867,商品-0867,电子,W03,219,45,458.45,2026-03-01,64.4,0
SKU30868,商品-0868,美妆,W09,86,99,54.71,2026-04-26,76.2,1
SKU30869,商品-0869,运动,W09,296,44,378.28,2026-04-12,52.6,0
SKU30870,商品-0870,食品,W10,203,26,414.6,2026-01-29,11.4,0
SKU30871,商品-0871,食品,W09,58,33,411.44,2026-04-28,88.2,0
SKU30872,商品-0872,食品,W02,74,51,329.74,2026-01-23,47.8,0
SKU30873,商品-0873,图书,W01,30,48,49.28,2026-02-08,11.7,0
SKU30874,商品-0874,母婴,W03,399,70,379.01,2026-05-01,52.4,0
SKU30875,商品-0875,家居,W05,60,93,184.54,2026-01-01,75.4,0
SKU30876,商品-0876,服装,W07,81,44,341.69,2026-02-01,54.3,0
SKU30877,商品-0877,运动,W04,120,61,473.79,2026-03-28,38.1,0
SKU30878,商品-0878,电子,W04,1145,79,115.79,2026-03-01,65.4,0
SKU30879,商品-0879,电子,W10,46,64,43.75,2026-03-17,39.3,1
SKU30880,商品-0880,图书,W09,131,74,14.95,2026-01-27,35.1,0
SKU30881,商品-0881,服装,W06,12,21,95.34,2026-04-24,85.2,0
SKU30882,商品-0882,家居,W02,247,90,175.78,2026-03-12,87.6,0
SKU30883,商品-0883,食品,W07,98,80,20.87,2026-02-01,13.4,0
SKU30884,商品-0884,服装,W04,538,67,334.16,2026-03-19,66.1,0
SKU30885,商品-0885,母婴,W08,3,44,448.38,2026-01-04,57.9,0
SKU30886,商品-0886,服装,W06,7,68,213.01,2026-02-07,11.9,0
SKU30887,商品-0887,食品,W10,124,45,169.46,2026-02-21,84.2,0
SKU30888,商品-0888,电子,W03,429,45,411.56,2026-02-22,33.8,0
SKU30889,商品-0889,母婴,W05,18,58,263.43,2026-01-20,74.7,0
SKU30890,商品-0890,母婴,W07,76,79,323.29,2026-04-12,22.5,1
SKU30891,商品-0891,运动,W06,77,77,280.22,2026-04-04,11.9,0
SKU30892,商品-0892,电子,W07,64,91,270.54,2026-04-08,53.7,0
SKU30893,商品-0893,家居,W02,147,56,312.44,2026-02-01,52.8,0
SKU30894,商品-0894,美妆,W03,431,50,479.4,2026-03-02,7.5,0
SKU30895,商品-0895,图书,W10,396,31,209.12,2026-04-12,89.8,0
SKU30896,商品-0896,运动,W04,116,97,373.86,2026-04-23,47.0,0
SKU30897,商品-0897,母婴,W08,153,47,145.78,2026-02-03,68.3,0
SKU30898,商品-0898,食品,W07,107,90,360.21,2026-01-14,39.1,0
SKU30899,商品-0899,美妆,W07,212,28,406.23,2026-03-25,13.2,0
SKU30900,商品-0900,服装,W01,14,91,349.63,2026-02-03,58.2,0
SKU30901,商品-0901,美妆,W04,455,84,112.31,2026-01-06,35.8,0
SKU30902,商品-0902,电子,W05,512,52,284.26,2026-04-26,42.7,1
SKU30903,商品-0903,食品,W01,96,81,267.2,2026-01-07,55.9,0
SKU30904,商品-0904,电子,W09,218,56,26.86,2026-01-15,28.6,1
SKU30905,商品-0905,图书,W02,2,96,252.56,2026-03-15,83.2,0
SKU30906,商品-0906,食品,W08,247,84,213.02,2026-01-13,80.6,0
SKU30907,商品-0907,运动,W05,38,30,449.52,2026-03-20,42.7,0
SKU30908,商品-0908,图书,W06,250,38,320.96,2026-02-27,27.9,0
SKU30909,商品-0909,母婴,W08,301,20,314.75,2026-03-27,44.1,0
SKU30910,商品-0910,食品,W10,522,97,67.39,2026-03-22,19.2,0
SKU30911,商品-0911,图书,W10,416,51,266.22,2026-01-28,34.4,0
SKU30912,商品-0912,服装,W04,102,91,152.66,2026-01-31,22.0,0
SKU30913,商品-0913,家居,W02,295,89,201.15,2026-03-12,39.1,0
SKU30914,商品-0914,食品,W08,17,31,497.98,2026-03-31,70.7,0
SKU30915,商品-0915,运动,W04,26,93,6.82,2026-01-18,28.0,0
SKU30916,商品-0916,服装,W08,484,84,159.41,2026-03-13,54.7,0
SKU30917,商品-0917,运动,W05,324,69,401.39,2026-02-09,23.5,0
SKU30918,商品-0918,电子,W10,23,35,464.57,2026-01-01,38.4,0
SKU30919,商品-0919,母婴,W07,349,93,136.37,2026-04-25,81.4,0
SKU30920,商品-0920,食品,W06,82,61,121.58,2026-01-28,77.6,0
SKU30921,商品-0921,食品,W04,555,35,189.19,2026-03-08,23.4,1
SKU30922,商品-0922,食品,W05,359,37,21.93,2026-01-30,28.5,0
SKU30923,商品-0923,电子,W06,344,34,475.29,2026-02-12,66.5,0
SKU30924,商品-0924,母婴,W02,38,77,327.04,2026-01-10,87.2,0
SKU30925,商品-0925,服装,W10,10,85,164.4,2026-02-02,59.9,1
SKU30926,商品-0926,母婴,W06,82,21,234.75,2026-04-15,78.6,1
SKU30927,商品-0927,图书,W08,255,87,57.71,2026-04-02,71.1,0
SKU30928,商品-0928,图书,W04,208,97,430.38,2026-01-29,19.5,0
SKU30929,商品-0929,运动,W03,522,36,241.15,2026-01-12,44.3,0
SKU30930,商品-0930,食品,W01,309,50,414.93,2026-01-21,82.1,0
SKU30931,商品-0931,图书,W05,371,58,240.68,2026-02-01,19.6,0
SKU30932,商品-0932,美妆,W05,74,47,406.55,2026-04-17,51.0,0
SKU30933,商品-0933,美妆,W01,8,87,415.63,2026-01-27,59.5,0
SKU30934,商品-0934,美妆,W03,6,69,469.95,2026-02-12,33.4,0
SKU30935,商品-0935,服装,W09,392,37,128.81,2026-02-07,50.5,0
SKU30936,商品-0936,运动,W06,351,26,225.42,2026-02-10,39.8,0
SKU30937,商品-0937,家居,W10,342,26,107.76,2026-03-11,20.2,1
SKU30938,商品-0938,食品,W09,393,91,65.31,2026-02-24,60.5,0
SKU30939,商品-0939,图书,W02,443,96,365.79,2026-01-24,20.1,1
SKU30940,商品-0940,家居,W09,169,41,306.59,2026-04-11,47.0,0
SKU30941,商品-0941,美妆,W08,52,80,252.6,2026-03-25,55.8,0
SKU30942,商品-0942,服装,W07,84,50,88.92,2026-01-11,63.9,0
SKU30943,商品-0943,家居,W07,110,24,350.06,2026-02-26,55.2,0
SKU30944,商品-0944,图书,W07,19,97,143.21,2026-03-03,45.3,1
SKU30945,商品-0945,食品,W04,57,71,435.8,2026-04-09,71.1,1
SKU30946,商品-0946,服装,W06,70,58,125.1,2026-03-13,42.7,0
SKU30947,商品-0947,服装,W01,56,53,144.54,2026-02-19,29.5,0
SKU30948,商品-0948,母婴,W10,628,86,308.77,2026-04-01,86.2,0
SKU30949,商品-0949,服装,W06,297,56,188.29,2026-04-23,52.3,0
SKU30950,商品-0950,运动,W01,475,61,332.3,2026-02-16,54.5,0
SKU30951,商品-0951,电子,W06,54,43,310.48,2026-04-13,14.8,1
SKU30952,商品-0952,美妆,W02,396,20,228.67,2026-01-05,14.4,0
SKU30953,商品-0953,运动,W02,40,62,15.43,2026-03-08,73.7,0
SKU30954,商品-0954,图书,W05,121,51,387.6,2026-01-16,21.2,0
SKU30955,商品-0955,图书,W03,158,84,424.35,2026-02-27,62.7,0
SKU30956,商品-0956,电子,W04,173,73,186.83,2026-04-15,23.3,0
SKU30957,商品-0957,图书,W01,32,95,71.05,2026-04-22,41.6,0
SKU30958,商品-0958,食品,W01,445,28,350.13,2026-01-14,41.0,1
SKU30959,商品-0959,母婴,W04,312,94,398.56,2026-01-27,39.4,0
SKU30960,商品-0960,服装,W03,76,77,56.81,2026-01-17,49.7,0
SKU30961,商品-0961,运动,W01,72,73,49.44,2026-04-08,46.8,0
SKU30962,商品-0962,美妆,W10,76,27,319.75,2026-03-25,66.9,1
SKU30963,商品-0963,图书,W02,134,91,237.91,2026-04-04,65.7,0
SKU30964,商品-0964,食品,W10,236,30,14.79,2026-01-20,66.5,0
SKU30965,商品-0965,家居,W02,145,44,362.3,2026-04-20,22.3,0
SKU30966,商品-0966,母婴,W06,150,21,230.94,2026-04-30,73.1,0
SKU30967,商品-0967,运动,W03,25,52,14.36,2026-04-10,18.8,0
SKU30968,商品-0968,食品,W09,102,65,273.3,2026-02-06,38.5,0
SKU30969,商品-0969,运动,W05,73,41,176.42,2026-01-05,88.5,0
SKU30970,商品-0970,母婴,W01,288,76,94.95,2026-03-12,17.7,1
SKU30971,商品-0971,食品,W09,1366,39,454.39,2026-03-23,84.9,0
SKU30972,商品-0972,家居,W03,87,75,208.47,2026-03-09,82.6,0
SKU30973,商品-0973,美妆,W08,115,68,377.12,2026-03-22,64.0,1
SKU30974,商品-0974,食品,W10,395,21,442.53,2026-01-29,22.3,0
SKU30975,商品-0975,美妆,W03,229,61,483.69,2026-03-30,37.0,0
SKU30976,商品-0976,运动,W02,1109,50,464.54,2026-02-01,7.4,0
SKU30977,商品-0977,电子,W06,103,88,459.53,2026-02-21,69.3,0
SKU30978,商品-0978,家居,W02,1,76,453.77,2026-02-17,51.7,0
SKU30979,商品-0979,美妆,W08,94,64,336.09,2026-03-11,83.4,0
SKU30980,商品-0980,运动,W08,409,87,284.61,2026-04-30,9.9,0
SKU30981,商品-0981,家居,W04,33,57,61.32,2026-03-20,7.9,1
SKU30982,商品-0982,家居,W08,195,72,175.44,2026-02-02,83.8,0
SKU30983,商品-0983,服装,W01,9,25,136.48,2026-04-19,16.5,0
SKU30984,商品-0984,服装,W05,196,73,59.86,2026-02-15,14.2,1
SKU30985,商品-0985,运动,W03,0,55,112.85,2026-02-07,85.4,0
SKU30986,商品-0986,美妆,W10,174,69,365.58,2026-01-09,14.7,0
SKU30987,商品-0987,服装,W03,42,82,105.74,2026-04-29,83.8,0
SKU30988,商品-0988,母婴,W03,265,78,350.98,2026-01-07,22.0,0
SKU30989,商品-0989,电子,W04,79,38,196.5,2026-03-17,86.6,0
SKU30990,商品-0990,电子,W03,297,66,20.46,2026-03-21,64.1,0
SKU30991,商品-0991,食品,W04,34,92,126.76,2026-01-05,57.7,0
SKU30992,商品-0992,电子,W07,51,75,145.75,2026-02-10,59.6,0
SKU30993,商品-0993,电子,W04,38,96,326.49,2026-02-21,84.5,0
SKU30994,商品-0994,图书,W05,673,40,320.08,2026-03-30,15.8,0
SKU30995,商品-0995,美妆,W07,7,45,204.65,2026-02-20,77.4,0
SKU30996,商品-0996,电子,W01,46,24,454.45,2026-02-22,76.4,0
SKU30997,商品-0997,运动,W03,279,98,34.66,2026-03-24,16.4,0
SKU30998,商品-0998,家居,W02,153,91,221.46,2026-01-27,13.8,0
SKU30999,商品-0999,电子,W05,101,41,107.12,2026-04-14,20.7,0
