voyage_id,ship_id,ship_type,departure_port,arrival_port,departure_time,arrival_time,distance_nm,duration_hours,fuel_consumption_ton,cargo_weight_ton,weather_grade
V50000,SH131,散货船,上海,深圳,2025-03-26 07:00,2025-03-29 01:53,1089.0,66.88,54.58,3053.5,C
V50001,SH170,客船,厦门,青岛,2024-01-23 12:00,2024-01-29 01:39,2323.2,133.66,319.57,251.9,D
V50002,SH235,散货船,天津,广州,2024-05-08 15:00,2024-05-10 02:24,581.9,35.4,52.89,976.9,A
V50003,SH173,散货船,青岛,青岛,2025-10-07 01:00,2025-10-26 20:31,7644.5,475.53,1093.19,1266.1,A
V50004,SH116,集装箱船,广州,广州,2025-08-27 15:00,2025-08-29 12:47,652.0,45.78,94.74,6306.8,B
V50005,SH156,散货船,上海,广州,2024-02-26 15:00,2024-02-27 09:32,308.3,18.54,27.49,1015.0,C
V50006,SH199,油轮,广州,青岛,2024-05-06 14:00,2024-05-07 03:16,198.9,13.28,14.3,6184.2,C
V50007,SH210,集装箱船,青岛,青岛,2025-02-11 14:00,2025-02-12 05:12,228.9,15.21,16.07,429.1,D
V50008,SH105,散货船,上海,大连,2024-11-06 13:00,2024-11-07 11:42,261.3,22.7,37.71,2173.9,A
V50009,SH250,集装箱船,厦门,深圳,2024-02-27 09:00,2024-03-01 08:55,924.2,71.93,86.97,124.3,C
V50010,SH162,集装箱船,宁波,深圳,2025-05-11 17:00,2025-05-16 13:43,1789.4,116.73,180.64,3371.0,C
V50011,SH134,集装箱船,厦门,厦门,2025-11-30 20:00,2025-12-03 13:35,973.6,65.6,68.87,2029.3,B
V50012,SH102,集装箱船,深圳,天津,2025-08-22 06:00,2025-08-23 02:13,233.5,20.22,29.43,311.4,B
V50013,SH191,油轮,宁波,厦门,2025-06-29 04:00,2025-07-03 03:11,1198.8,95.19,85.85,3785.0,B
V50014,SH240,油轮,深圳,深圳,2025-10-14 18:00,2025-10-18 06:12,1013.7,84.21,140.36,3217.6,D
V50015,SH202,散货船,天津,广州,2025-02-23 03:00,2025-02-26 18:38,1358.9,87.64,156.04,1446.5,B
V50016,SH183,集装箱船,青岛,上海,2025-09-10 05:00,2025-09-10 10:05,65.4,5.1,3.62,4804.0,D
V50017,SH130,油轮,大连,大连,2024-06-01 18:00,2024-06-12 13:25,2724.5,259.43,244.08,2943.2,C
V50018,SH137,渔船,上海,厦门,2024-04-19 22:00,2024-04-23 21:12,1490.1,95.21,116.56,1538.5,A
V50019,SH166,油轮,上海,天津,2024-07-06 19:00,2024-07-10 00:00,866.3,77.01,128.89,7771.3,D
V50020,SH136,客船,厦门,广州,2024-08-21 19:00,2024-08-22 14:20,159.0,19.34,16.11,1345.3,B
V50021,SH144,油轮,上海,天津,2024-04-17 12:00,2024-04-22 20:40,1701.1,128.67,134.3,202.7,D
V50022,SH231,渔船,厦门,广州,2025-04-18 19:00,2025-04-25 17:31,1840.9,166.52,177.87,2017.9,D
V50023,SH121,散货船,天津,深圳,2025-05-25 19:00,2025-05-27 16:18,589.1,45.31,78.98,1020.0,D
V50024,SH199,散货船,大连,厦门,2025-10-08 21:00,2025-10-13 17:58,1099.2,116.98,86.77,2012.7,A
V50025,SH176,集装箱船,深圳,宁波,2025-08-24 09:00,2025-09-07 06:09,5781.1,333.15,771.39,3469.6,D
V50026,SH190,散货船,广州,天津,2024-02-22 01:00,2024-02-26 13:32,1941.9,108.53,199.27,976.9,D
V50027,SH239,散货船,青岛,天津,2025-10-27 06:00,2025-10-27 13:44,121.6,7.74,16.99,923.5,A
V50028,SH114,渔船,宁波,大连,2024-01-07 08:00,2024-01-09 06:09,504.9,46.16,71.21,651.3,A
V50029,SH145,集装箱船,深圳,天津,2024-04-06 17:00,2024-04-13 02:18,2130.4,153.3,150.44,966.5,D
V50030,SH217,集装箱船,大连,青岛,2024-12-31 05:00,2025-01-01 00:35,267.4,19.59,29.56,8178.2,B
V50031,SH249,集装箱船,青岛,深圳,2025-06-24 08:00,2025-06-27 05:36,1233.9,69.6,181.52,2392.0,D
V50032,SH249,客船,上海,广州,2025-06-06 13:00,2025-06-08 13:41,711.5,48.68,76.33,92.0,A
V50033,SH224,散货船,广州,广州,2025-02-23 19:00,2025-02-24 17:59,382.4,23.0,29.88,1625.9,C
V50034,SH166,油轮,深圳,宁波,2025-05-23 02:00,2025-05-27 22:27,1133.2,116.46,134.61,8.0,A
V50035,SH147,集装箱船,宁波,大连,2024-04-21 01:00,2024-04-23 08:12,543.5,55.21,45.05,1439.4,B
V50036,SH229,散货船,厦门,青岛,2024-04-03 05:00,2024-04-13 15:02,3354.6,250.04,379.56,1982.2,D
V50037,SH163,散货船,宁波,广州,2024-11-05 22:00,2024-11-15 23:29,2989.7,241.49,393.55,1300.6,B
V50038,SH190,渔船,广州,天津,2025-08-30 00:00,2025-08-30 23:18,349.5,23.32,19.95,319.1,C
V50039,SH232,客船,广州,青岛,2025-03-12 22:00,2025-03-20 07:56,1736.6,177.94,175.62,2845.5,B
V50040,SH103,散货船,大连,宁波,2024-02-19 17:00,2024-02-22 05:51,832.9,60.85,116.72,1408.0,D
V50041,SH160,集装箱船,广州,宁波,2025-05-01 04:00,2025-05-06 23:13,1863.8,139.22,206.85,6557.0,C
V50042,SH182,渔船,天津,上海,2025-09-17 03:00,2025-09-19 10:28,933.0,55.48,118.08,10.5,A
V50043,SH136,客船,天津,大连,2024-11-09 02:00,2024-11-13 00:46,1626.0,94.78,195.95,291.1,A
V50044,SH131,散货船,厦门,宁波,2025-06-15 20:00,2025-06-17 11:53,563.5,39.9,48.72,3687.8,D
V50045,SH117,客船,天津,青岛,2025-07-06 17:00,2025-07-06 21:18,42.4,4.31,4.31,589.7,B
V50046,SH188,客船,深圳,上海,2024-08-02 07:00,2024-08-06 12:29,973.7,101.48,130.59,933.3,C
V50047,SH126,集装箱船,青岛,上海,2025-07-24 09:00,2025-07-25 08:56,229.9,23.94,20.77,2167.7,C
V50048,SH131,渔船,青岛,青岛,2024-05-20 20:00,2024-05-22 21:34,476.3,49.57,59.9,526.8,D
V50049,SH106,渔船,大连,宁波,2025-06-14 20:00,2025-06-15 18:08,376.4,22.15,19.53,871.2,D
V50050,SH207,集装箱船,宁波,天津,2025-03-28 06:00,2025-04-07 05:30,2092.9,239.51,287.75,1834.6,A
V50051,SH247,渔船,大连,厦门,2025-03-04 02:00,2025-03-06 18:44,645.1,64.74,59.16,582.0,B
V50052,SH170,散货船,青岛,广州,2025-05-09 15:00,2025-05-09 21:29,59.2,6.48,7.35,98.7,B
V50053,SH120,渔船,宁波,宁波,2025-01-31 15:00,2025-01-31 20:16,50.6,5.27,6.11,610.4,A
V50054,SH152,渔船,宁波,上海,2025-07-23 20:00,2025-07-31 01:14,2960.7,173.24,405.35,2292.6,C
V50055,SH131,集装箱船,厦门,宁波,2024-05-03 06:00,2024-05-03 10:42,38.9,4.7,4.06,3871.7,A
V50056,SH103,客船,宁波,广州,2025-08-31 10:00,2025-09-09 01:32,3173.5,207.54,347.62,693.8,A
V50057,SH160,客船,广州,大连,2024-07-05 01:00,2024-07-13 21:02,3278.5,212.03,233.97,1070.3,B
V50058,SH185,客船,上海,宁波,2024-01-26 04:00,2024-01-30 23:26,984.6,115.43,51.82,367.3,A
V50059,SH144,渔船,深圳,大连,2024-08-23 12:00,2024-08-23 15:16,27.7,3.27,3.03,2855.8,C
V50060,SH221,散货船,广州,青岛,2024-03-26 03:00,2024-04-10 01:21,3952.1,358.37,327.77,1482.2,A
V50061,SH112,渔船,青岛,宁波,2024-04-11 14:00,2024-04-12 14:07,232.9,24.12,27.67,5790.3,D
V50062,SH243,油轮,深圳,深圳,2024-12-16 01:00,2024-12-18 00:45,813.1,47.76,49.59,112.2,B
V50063,SH228,集装箱船,广州,大连,2025-11-07 11:00,2025-11-11 13:34,970.7,98.58,64.07,15399.7,B
V50064,SH183,油轮,深圳,厦门,2024-11-10 21:00,2024-11-17 14:53,2423.4,161.89,331.91,670.0,D
V50065,SH192,集装箱船,大连,宁波,2024-01-23 12:00,2024-01-27 16:31,1013.5,100.53,93.91,1032.3,A
V50066,SH217,集装箱船,大连,深圳,2025-09-21 14:00,2025-09-29 06:52,2701.8,184.87,317.8,4366.5,B
V50067,SH157,客船,上海,宁波,2025-03-21 04:00,2025-03-21 10:57,88.8,6.96,13.26,422.6,B
V50068,SH175,散货船,厦门,深圳,2024-02-14 13:00,2024-02-14 17:22,52.9,4.38,4.03,848.8,D
V50069,SH145,客船,广州,深圳,2024-09-25 03:00,2024-10-09 23:01,5435.7,356.03,742.72,13.1,D
V50070,SH192,客船,青岛,天津,2025-10-16 02:00,2025-10-19 06:39,895.7,76.65,91.59,2459.7,C
V50071,SH241,渔船,上海,上海,2024-01-10 20:00,2024-01-11 03:22,121.0,7.38,8.7,5261.7,B
V50072,SH167,散货船,大连,青岛,2025-02-09 16:00,2025-02-21 02:40,3931.0,274.67,460.12,206.1,B
V50073,SH223,散货船,青岛,大连,2025-01-25 03:00,2025-01-25 04:14,20.3,1.24,2.32,2655.9,A
V50074,SH143,油轮,厦门,天津,2024-09-06 00:00,2024-09-11 22:54,1363.5,142.9,199.56,2297.9,A
V50075,SH171,渔船,青岛,深圳,2025-11-29 07:00,2025-11-30 11:00,478.0,28.01,50.02,2646.8,A
V50076,SH119,集装箱船,天津,深圳,2025-07-12 13:00,2025-07-17 10:19,1671.6,117.32,200.67,697.7,A
V50077,SH103,客船,厦门,青岛,2024-11-19 02:00,2024-11-22 16:01,1478.9,86.02,126.62,1039.2,B
V50078,SH247,渔船,上海,广州,2025-01-11 21:00,2025-01-13 06:47,463.4,33.79,59.32,2932.3,B
V50079,SH136,渔船,上海,大连,2024-11-10 07:00,2024-11-11 06:48,385.0,23.8,33.41,455.1,D
V50080,SH171,油轮,深圳,上海,2024-08-04 06:00,2024-08-07 13:15,1335.4,79.25,184.02,1.3,A
V50081,SH239,散货船,天津,上海,2025-02-25 06:00,2025-02-26 17:43,431.0,35.72,23.88,920.3,B
V50082,SH247,散货船,大连,青岛,2024-09-11 00:00,2024-09-11 19:12,318.8,19.2,44.54,506.7,B
V50083,SH163,油轮,宁波,宁波,2024-09-23 00:00,2024-09-26 18:29,849.6,90.49,91.17,3691.2,D
V50084,SH228,油轮,大连,宁波,2024-12-02 06:00,2024-12-03 17:29,463.8,35.48,26.14,1595.9,A
V50085,SH184,集装箱船,宁波,青岛,2024-10-05 08:00,2024-10-09 09:35,1095.2,97.6,150.33,510.2,B
V50086,SH132,渔船,广州,厦门,2024-03-11 09:00,2024-03-13 04:01,455.8,43.03,40.81,458.9,C
V50087,SH218,渔船,厦门,宁波,2025-10-30 18:00,2025-11-06 08:17,2521.1,158.29,336.03,608.9,A
V50088,SH171,油轮,厦门,大连,2024-09-14 02:00,2024-09-14 09:17,99.9,7.29,10.4,381.0,B
V50089,SH167,油轮,上海,天津,2024-05-08 07:00,2024-05-22 14:04,6018.3,343.08,441.01,419.5,C
V50090,SH117,集装箱船,厦门,青岛,2025-08-26 14:00,2025-08-27 10:15,361.7,20.26,30.49,3480.5,B
V50091,SH127,渔船,深圳,上海,2024-05-11 12:00,2024-05-14 04:11,854.5,64.19,51.8,1163.2,B
V50092,SH156,渔船,深圳,天津,2024-12-03 18:00,2024-12-05 06:49,605.7,36.83,57.93,840.9,A
V50093,SH125,油轮,宁波,大连,2025-07-25 05:00,2025-08-08 20:09,3079.8,351.16,282.01,8.9,A
V50094,SH156,集装箱船,天津,厦门,2024-09-19 09:00,2024-09-23 04:03,1284.5,91.05,158.33,318.9,D
V50095,SH211,客船,上海,深圳,2025-11-02 17:00,2025-11-03 21:25,409.7,28.43,44.41,2622.8,B
V50096,SH194,散货船,上海,宁波,2025-09-24 02:00,2025-09-28 12:10,890.6,106.18,94.6,4811.3,C
V50097,SH209,客船,上海,宁波,2024-11-27 09:00,2024-12-08 09:36,3732.8,264.61,495.12,254.8,A
V50098,SH186,散货船,厦门,青岛,2025-08-11 12:00,2025-08-16 08:32,1786.7,116.55,180.31,2414.4,C
V50099,SH164,客船,天津,厦门,2024-11-27 15:00,2024-12-07 04:03,4003.6,229.06,472.54,630.5,C
V50100,SH183,渔船,厦门,青岛,2025-01-05 19:00,2025-01-07 03:24,325.1,32.41,38.15,443.4,B
V50101,SH234,散货船,厦门,上海,2025-09-23 16:00,2025-09-27 10:18,786.1,90.3,56.73,6136.3,D
V50102,SH104,集装箱船,大连,广州,2025-04-01 11:00,2025-04-04 13:14,602.7,74.25,64.29,29.4,B
V50103,SH148,渔船,天津,深圳,2024-08-24 14:00,2024-08-26 00:57,447.3,34.96,40.05,1371.1,A
V50104,SH133,集装箱船,天津,上海,2024-04-14 21:00,2024-04-17 06:20,844.8,57.35,50.93,5542.6,D
V50105,SH226,渔船,天津,上海,2025-02-20 19:00,2025-03-15 08:58,6700.1,541.97,419.14,3687.3,A
V50106,SH145,渔船,天津,天津,2024-07-14 02:00,2024-07-14 12:50,170.8,10.84,9.28,5646.9,C
V50107,SH152,客船,广州,上海,2025-04-25 06:00,2025-04-26 12:30,394.2,30.51,53.91,2818.3,C
V50108,SH148,油轮,青岛,大连,2025-01-28 07:00,2025-01-31 14:38,829.2,79.64,80.81,1838.1,B
V50109,SH226,散货船,深圳,上海,2024-06-25 04:00,2024-06-30 06:28,1491.6,122.47,200.37,1329.8,B
V50110,SH213,散货船,青岛,厦门,2025-11-29 21:00,2025-12-06 23:23,1789.8,170.39,123.41,3102.6,A
V50111,SH244,渔船,宁波,青岛,2025-05-05 22:00,2025-05-08 14:46,781.9,64.78,112.89,384.4,C
V50112,SH116,油轮,上海,青岛,2024-09-27 00:00,2024-09-29 12:21,1057.6,60.35,156.2,3633.7,C
V50113,SH121,集装箱船,广州,广州,2025-05-25 08:00,2025-05-28 10:52,1342.5,74.88,124.64,4160.4,D
V50114,SH168,渔船,深圳,深圳,2025-06-13 08:00,2025-06-13 23:28,197.8,15.48,19.3,2350.8,C
V50115,SH127,渔船,广州,宁波,2025-03-13 18:00,2025-03-15 14:35,779.9,44.58,116.88,1615.6,B
V50116,SH185,集装箱船,上海,广州,2024-02-05 21:00,2024-02-16 07:48,2616.3,250.81,150.28,5220.1,C
V50117,SH238,油轮,广州,深圳,2025-02-17 04:00,2025-02-18 17:56,663.8,37.95,36.35,555.9,D
V50118,SH220,散货船,天津,广州,2025-08-30 01:00,2025-09-02 19:01,1267.1,90.02,90.72,119.1,C
V50119,SH210,油轮,青岛,天津,2025-07-25 04:00,2025-07-26 11:42,330.5,31.71,32.23,227.0,D
V50120,SH106,客船,深圳,上海,2025-08-13 17:00,2025-08-14 18:16,282.8,25.27,34.13,1222.3,A
V50121,SH195,渔船,深圳,宁波,2024-03-15 08:00,2024-03-16 05:20,171.9,21.34,12.87,2907.3,B
V50122,SH234,集装箱船,深圳,上海,2025-06-29 05:00,2025-06-29 19:30,148.3,14.51,8.23,76.1,A
V50123,SH123,渔船,厦门,上海,2024-12-26 20:00,2024-12-27 10:10,128.8,14.18,16.07,696.8,C
V50124,SH175,散货船,天津,厦门,2024-06-02 20:00,2024-06-06 00:00,717.3,76.01,102.87,160.9,C
V50125,SH244,油轮,大连,宁波,2024-08-15 13:00,2024-08-18 10:05,939.1,69.1,48.86,873.7,A
V50126,SH202,集装箱船,天津,深圳,2024-06-25 08:00,2024-06-28 19:56,1463.1,83.94,185.67,2357.6,D
V50127,SH193,渔船,天津,宁波,2024-06-16 00:00,2024-06-16 15:14,247.1,15.24,17.83,293.6,B
V50128,SH192,集装箱船,宁波,厦门,2025-03-16 05:00,2025-03-19 10:20,759.9,77.34,80.76,2002.2,D
V50129,SH139,客船,天津,上海,2024-04-28 22:00,2024-05-05 16:28,2567.2,162.47,326.2,768.2,D
V50130,SH178,集装箱船,青岛,天津,2025-04-23 21:00,2025-04-23 22:52,27.8,1.88,3.13,952.5,B
V50131,SH186,客船,厦门,广州,2024-02-16 06:00,2024-02-16 14:25,111.4,8.42,9.95,1083.2,D
V50132,SH174,散货船,宁波,上海,2024-09-16 21:00,2024-09-18 03:35,458.1,30.59,45.97,5942.2,A
V50133,SH224,集装箱船,厦门,广州,2024-04-28 18:00,2024-04-29 02:59,135.9,8.99,19.85,9281.3,D
V50134,SH100,集装箱船,厦门,厦门,2024-01-05 08:00,2024-01-13 18:19,2549.1,202.33,135.55,1217.6,B
V50135,SH231,客船,大连,天津,2025-01-25 04:00,2025-01-31 18:30,1622.4,158.51,111.45,639.4,B
V50136,SH104,渔船,大连,上海,2024-07-05 05:00,2024-07-11 12:33,2516.6,151.56,373.32,2877.5,A
V50137,SH144,渔船,上海,宁波,2025-04-26 22:00,2025-04-29 10:01,1050.5,60.02,104.05,63.2,C
V50138,SH221,渔船,厦门,厦门,2025-06-15 15:00,2025-06-17 01:10,418.6,34.18,24.04,233.9,A
V50139,SH136,客船,上海,大连,2025-10-30 18:00,2025-11-05 15:28,1687.3,141.47,161.83,202.0,C
V50140,SH110,集装箱船,厦门,厦门,2024-04-01 04:00,2024-04-07 16:00,1461.3,156.0,170.34,2303.8,A
V50141,SH221,渔船,上海,上海,2024-01-09 08:00,2024-01-10 13:26,472.9,29.44,59.83,10516.2,A
V50142,SH238,散货船,广州,广州,2025-04-13 16:00,2025-04-18 10:13,1906.9,114.22,207.15,1150.8,C
V50143,SH201,散货船,厦门,宁波,2025-08-11 17:00,2025-08-16 03:27,1095.8,106.46,133.05,0.2,B
V50144,SH181,散货船,上海,青岛,2024-01-22 00:00,2024-01-24 18:11,1036.6,66.2,63.17,2798.6,C
V50145,SH115,油轮,广州,宁波,2024-05-12 07:00,2024-05-15 05:57,1013.9,70.95,94.31,1249.4,D
V50146,SH215,集装箱船,大连,深圳,2025-06-07 09:00,2025-06-09 10:17,811.2,49.3,93.33,4467.5,A
V50147,SH232,散货船,厦门,广州,2024-10-20 20:00,2024-10-22 09:28,321.6,37.47,40.39,248.7,A
V50148,SH102,散货船,广州,广州,2025-01-31 00:00,2025-02-03 04:42,1207.3,76.71,114.01,1235.1,B
V50149,SH241,渔船,上海,深圳,2025-08-21 16:00,2025-08-22 03:33,184.3,11.56,11.91,595.1,B
V50150,SH230,散货船,上海,青岛,2025-06-13 11:00,2025-06-14 12:08,219.1,25.15,20.29,3394.3,A
V50151,SH141,渔船,青岛,天津,2024-02-20 11:00,2024-02-25 09:02,1595.1,118.04,111.86,285.4,D
V50152,SH243,集装箱船,深圳,天津,2025-09-14 16:00,2025-09-20 14:57,1584.6,142.96,155.31,3052.1,C
V50153,SH169,渔船,天津,天津,2024-10-31 10:00,2024-11-03 21:19,719.2,83.32,83.52,5606.1,A
V50154,SH222,客船,上海,上海,2024-02-15 03:00,2024-02-16 01:55,302.7,22.92,16.79,4049.9,D
V50155,SH243,油轮,天津,大连,2025-06-01 02:00,2025-06-02 10:11,397.2,32.18,23.37,5784.4,B
V50156,SH232,集装箱船,广州,上海,2024-12-19 21:00,2024-12-23 01:27,995.4,76.46,80.4,2705.9,B
V50157,SH145,油轮,深圳,深圳,2025-11-07 08:00,2025-11-08 15:19,445.3,31.32,37.4,973.2,A
V50158,SH117,客船,厦门,青岛,2024-04-04 12:00,2024-04-12 06:55,1569.5,186.92,106.26,2872.9,C
V50159,SH149,集装箱船,大连,大连,2024-12-08 06:00,2024-12-09 07:14,273.7,25.24,16.7,536.1,D
V50160,SH177,油轮,厦门,厦门,2024-09-24 01:00,2024-09-29 09:59,1102.4,128.99,136.72,1740.6,D
V50161,SH192,油轮,深圳,厦门,2024-03-31 17:00,2024-04-04 03:06,1225.6,82.1,61.38,834.6,C
V50162,SH184,客船,深圳,宁波,2025-01-20 23:00,2025-01-22 13:29,653.7,38.49,37.89,667.9,D
V50163,SH165,渔船,广州,深圳,2025-06-14 11:00,2025-06-15 13:43,226.8,26.72,30.35,7788.7,A
V50164,SH125,油轮,广州,广州,2024-09-29 13:00,2024-09-29 20:25,93.6,7.43,7.88,1034.6,B
V50165,SH108,渔船,厦门,上海,2024-02-20 01:00,2024-02-23 05:02,686.5,76.04,60.88,643.4,B
V50166,SH137,油轮,宁波,大连,2025-10-07 04:00,2025-10-10 23:35,970.7,91.59,79.54,187.0,B
V50167,SH229,渔船,厦门,深圳,2025-07-08 13:00,2025-07-11 08:20,623.5,67.35,45.22,3960.5,A
V50168,SH203,渔船,深圳,大连,2025-02-22 01:00,2025-02-23 08:37,334.9,31.62,42.11,1790.6,D
V50169,SH138,客船,大连,天津,2025-10-01 09:00,2025-10-06 22:06,2181.2,133.1,304.21,864.0,C
V50170,SH237,集装箱船,天津,天津,2024-02-06 18:00,2024-02-08 22:10,782.6,52.18,91.66,1357.0,B
V50171,SH244,散货船,厦门,深圳,2024-11-12 08:00,2024-11-22 06:27,2520.7,238.46,205.15,9172.9,D
V50172,SH120,客船,宁波,广州,2024-03-12 21:00,2024-03-14 17:06,414.2,44.11,48.44,5733.0,B
V50173,SH103,渔船,天津,青岛,2025-07-29 01:00,2025-08-04 05:22,2448.4,148.37,196.82,1933.2,D
V50174,SH126,油轮,天津,天津,2024-07-31 21:00,2024-08-03 14:57,632.9,65.95,44.32,709.2,A
V50175,SH226,集装箱船,深圳,宁波,2025-01-16 01:00,2025-01-27 12:29,4538.5,275.5,465.19,301.9,C
V50176,SH186,油轮,深圳,大连,2025-11-04 13:00,2025-11-04 21:41,141.6,8.69,10.33,2580.3,D
V50177,SH210,渔船,宁波,厦门,2025-09-17 09:00,2025-09-18 12:18,372.2,27.32,50.63,699.8,C
V50178,SH128,渔船,宁波,大连,2025-06-12 04:00,2025-06-14 12:17,857.8,56.3,93.61,3188.4,C
V50179,SH245,油轮,宁波,天津,2024-04-28 10:00,2024-05-01 07:08,758.7,69.14,58.17,2517.9,B
V50180,SH243,客船,宁波,上海,2025-07-20 05:00,2025-07-20 13:47,78.8,8.78,5.62,1854.3,D
V50181,SH233,油轮,深圳,青岛,2024-02-09 20:00,2024-02-13 20:42,871.6,96.7,104.62,1972.3,D
V50182,SH141,散货船,广州,广州,2025-05-15 05:00,2025-05-15 22:33,227.6,17.56,30.01,3510.0,C
V50183,SH164,客船,深圳,天津,2024-09-24 06:00,2024-09-25 01:33,333.2,19.56,28.35,240.4,B
V50184,SH100,散货船,深圳,广州,2024-07-28 04:00,2024-07-28 06:19,32.0,2.32,1.88,149.9,C
V50185,SH213,油轮,宁波,宁波,2024-10-24 18:00,2024-10-25 11:00,184.4,17.01,10.06,1094.0,A
V50186,SH126,集装箱船,天津,深圳,2025-07-02 00:00,2025-07-05 01:31,867.1,73.52,47.3,797.9,B
V50187,SH174,集装箱船,大连,广州,2024-05-03 00:00,2024-05-05 21:44,1114.8,69.75,65.65,2397.9,C
V50188,SH140,客船,青岛,厦门,2024-04-17 06:00,2024-04-17 19:01,231.5,13.02,19.78,109.9,B
V50189,SH222,客船,天津,宁波,2025-07-10 05:00,2025-07-15 04:18,1878.1,119.31,275.77,1025.3,A
V50190,SH122,散货船,厦门,上海,2024-09-23 07:00,2024-10-02 08:13,2144.0,217.23,162.65,919.8,C
V50191,SH123,散货船,上海,厦门,2024-11-04 10:00,2024-11-05 03:50,196.2,17.84,15.48,1840.9,A
V50192,SH159,散货船,上海,天津,2024-04-29 06:00,2024-04-29 08:13,20.6,2.23,2.22,3603.9,A
V50193,SH108,散货船,宁波,上海,2024-02-26 04:00,2024-03-03 08:00,1685.6,148.01,191.42,2864.1,D
V50194,SH227,渔船,上海,广州,2024-06-21 11:00,2024-07-03 10:35,4566.8,287.59,492.64,1220.0,B
V50195,SH187,渔船,深圳,上海,2025-01-08 19:00,2025-01-09 18:17,304.5,23.3,22.95,508.8,C
V50196,SH134,客船,大连,厦门,2024-01-09 15:00,2024-01-11 23:15,659.2,56.26,92.85,4238.9,A
V50197,SH158,散货船,深圳,深圳,2025-11-29 12:00,2025-12-02 09:54,1203.1,69.9,125.66,7768.5,D
V50198,SH214,渔船,厦门,大连,2025-10-26 12:00,2025-10-30 16:23,1350.2,100.39,78.3,782.8,C
V50199,SH124,客船,深圳,厦门,2024-10-16 12:00,2024-10-19 22:02,799.7,82.04,49.13,1250.0,D
V50200,SH242,散货船,大连,青岛,2024-11-17 13:00,2024-11-21 17:49,1732.2,100.82,111.67,470.1,C
V50201,SH152,集装箱船,宁波,大连,2024-11-26 14:00,2024-12-05 18:17,2238.7,220.3,257.62,1274.4,D
V50202,SH186,油轮,厦门,上海,2024-10-08 21:00,2024-10-10 14:38,336.6,41.63,38.43,230.1,C
V50203,SH182,客船,宁波,青岛,2024-07-02 01:00,2024-07-04 15:08,621.2,62.14,42.4,1427.0,D
V50204,SH139,油轮,上海,大连,2024-08-31 05:00,2024-09-01 03:47,262.8,22.79,16.03,3958.6,C
V50205,SH109,渔船,宁波,青岛,2024-06-08 13:00,2024-06-08 17:02,56.9,4.05,8.4,70.6,B
V50206,SH168,集装箱船,大连,厦门,2025-08-11 05:00,2025-08-16 02:43,1243.2,117.72,103.53,1079.0,D
V50207,SH162,油轮,青岛,上海,2024-11-18 17:00,2024-11-22 12:25,1571.1,91.43,190.15,590.7,A
V50208,SH150,集装箱船,大连,青岛,2025-09-21 20:00,2025-09-24 11:35,978.1,63.6,107.69,2291.8,A
V50209,SH191,渔船,青岛,大连,2025-01-31 14:00,2025-01-31 17:38,47.9,3.65,5.12,1240.6,A
V50210,SH183,渔船,青岛,天津,2024-01-30 15:00,2024-02-02 15:10,803.5,72.17,107.16,299.5,D
V50211,SH230,渔船,青岛,天津,2025-11-12 21:00,2025-11-12 23:08,28.7,2.15,2.05,1083.2,A
V50212,SH136,渔船,广州,上海,2025-10-30 18:00,2025-11-12 22:24,5673.7,316.41,391.53,367.1,A
V50213,SH135,渔船,厦门,上海,2025-01-12 06:00,2025-01-15 04:51,889.9,70.87,133.28,1500.5,A
V50214,SH184,客船,广州,青岛,2024-11-12 21:00,2024-11-16 00:23,1235.4,75.4,97.21,144.1,B
V50215,SH221,集装箱船,深圳,宁波,2024-11-18 07:00,2024-11-20 16:01,843.8,57.03,62.61,834.3,D
V50216,SH170,客船,天津,广州,2024-04-26 06:00,2024-04-26 10:27,37.2,4.46,2.11,1837.2,A
V50217,SH153,散货船,深圳,厦门,2024-06-16 03:00,2024-06-16 19:41,197.0,16.68,11.38,273.8,C
V50218,SH179,渔船,青岛,广州,2025-04-28 02:00,2025-05-04 13:28,1981.0,155.47,250.33,3543.1,C
V50219,SH199,渔船,广州,广州,2024-03-28 19:00,2024-03-29 21:06,340.0,26.11,44.66,994.5,A
V50220,SH103,散货船,大连,上海,2025-11-14 16:00,2025-11-15 12:07,246.9,20.13,36.82,2782.3,D
V50221,SH141,集装箱船,广州,青岛,2025-11-01 11:00,2025-11-05 16:41,1309.7,101.69,86.35,1478.9,B
V50222,SH136,散货船,深圳,宁波,2024-05-01 14:00,2024-05-10 00:11,3350.7,202.19,374.58,999.7,B
V50223,SH173,散货船,青岛,厦门,2024-07-26 04:00,2024-07-27 06:42,216.6,26.7,14.25,664.0,D
V50224,SH121,散货船,上海,青岛,2025-06-13 12:00,2025-06-13 18:23,115.0,6.39,6.4,331.0,B
V50225,SH142,渔船,深圳,深圳,2025-05-11 08:00,2025-05-18 12:09,1544.5,172.17,151.28,5260.3,B
V50226,SH155,渔船,天津,深圳,2025-06-09 06:00,2025-06-17 18:33,3354.9,204.56,260.63,3214.3,D
V50227,SH185,客船,深圳,大连,2024-11-25 11:00,2024-11-25 13:25,25.2,2.42,1.4,539.9,C
V50228,SH191,散货船,上海,上海,2025-03-14 12:00,2025-03-15 08:36,205.9,20.61,22.85,1455.7,C
V50229,SH192,散货船,天津,大连,2024-04-06 17:00,2024-04-08 14:41,660.1,45.69,71.74,840.0,A
V50230,SH239,油轮,大连,上海,2025-07-27 08:00,2025-07-29 07:15,585.2,47.25,49.95,941.7,D
V50231,SH201,渔船,上海,大连,2024-04-25 01:00,2024-04-28 01:27,975.2,72.46,132.57,747.0,B
V50232,SH102,渔船,上海,天津,2024-04-25 23:00,2024-04-29 19:11,1630.7,92.19,170.55,3304.0,C
V50233,SH199,客船,上海,广州,2024-05-09 06:00,2024-05-12 21:19,1073.1,87.32,120.19,716.1,D
V50234,SH224,集装箱船,广州,青岛,2025-06-17 18:00,2025-06-20 07:56,545.8,61.94,51.49,270.3,B
V50235,SH113,油轮,大连,宁波,2025-01-04 20:00,2025-01-05 05:13,108.5,9.23,10.47,1807.1,D
V50236,SH169,渔船,厦门,上海,2024-03-21 01:00,2024-03-26 16:09,2132.3,135.15,216.46,1085.6,D
V50237,SH100,客船,天津,上海,2024-11-09 10:00,2024-11-10 10:46,424.6,24.78,28.5,379.0,C
V50238,SH143,散货船,上海,深圳,2025-05-18 11:00,2025-05-22 18:00,932.8,103.0,104.85,1757.1,B
V50239,SH215,渔船,天津,天津,2025-05-12 04:00,2025-05-19 14:15,2937.4,178.26,409.86,2231.4,D
V50240,SH100,客船,天津,大连,2025-06-21 01:00,2025-06-28 12:08,2692.7,179.15,181.91,716.6,D
V50241,SH126,散货船,大连,上海,2024-07-28 01:00,2024-07-31 16:10,1355.2,87.17,124.07,3443.3,D
V50242,SH196,油轮,宁波,上海,2025-06-08 08:00,2025-06-09 07:42,387.4,23.7,26.11,331.2,A
V50243,SH236,集装箱船,青岛,大连,2025-07-07 07:00,2025-07-07 08:02,14.9,1.04,1.99,2611.3,B
V50244,SH223,客船,大连,大连,2025-02-22 15:00,2025-02-25 19:59,1307.3,76.99,146.04,12284.8,C
V50245,SH188,集装箱船,厦门,宁波,2024-01-28 17:00,2024-01-30 13:48,422.4,44.81,55.06,2016.1,C
V50246,SH102,客船,大连,厦门,2024-08-05 17:00,2024-08-05 19:54,46.4,2.91,6.94,953.4,A
V50247,SH233,客船,厦门,大连,2024-08-31 00:00,2024-09-01 07:35,287.2,31.58,22.79,2006.8,C
V50248,SH211,客船,青岛,宁波,2025-08-28 20:00,2025-09-11 01:48,2956.8,317.81,192.15,138.4,C
V50249,SH203,集装箱船,深圳,厦门,2024-09-01 17:00,2024-09-07 21:29,2299.9,148.49,199.19,2942.3,D
V50250,SH231,散货船,深圳,大连,2025-10-06 20:00,2025-10-12 09:10,1570.8,133.18,160.3,2833.4,D
V50251,SH113,客船,深圳,厦门,2024-09-20 12:00,2024-09-27 21:00,2757.7,177.02,411.23,84.2,B
V50252,SH170,散货船,大连,厦门,2025-07-23 15:00,2025-07-26 22:40,1349.3,79.67,171.39,5455.8,C
V50253,SH246,油轮,宁波,天津,2024-09-01 18:00,2024-09-06 08:26,1091.4,110.45,152.15,2004.2,C
V50254,SH141,客船,深圳,青岛,2025-09-27 14:00,2025-09-29 03:43,533.5,37.73,27.33,2605.5,B
V50255,SH219,散货船,大连,宁波,2024-05-09 01:00,2024-05-10 00:02,307.8,23.04,33.16,228.4,C
V50256,SH144,集装箱船,天津,广州,2025-05-28 11:00,2025-05-28 17:02,84.7,6.04,12.59,20.4,A
V50257,SH191,散货船,深圳,厦门,2024-11-30 14:00,2024-12-04 01:14,1452.8,83.25,95.39,29.8,B
V50258,SH237,渔船,上海,厦门,2024-10-05 19:00,2024-10-05 21:31,32.1,2.52,4.53,10711.7,C
V50259,SH102,渔船,宁波,大连,2024-01-24 14:00,2024-01-25 20:24,423.9,30.41,63.27,447.7,B
V50260,SH111,渔船,厦门,天津,2024-08-09 11:00,2024-08-10 02:01,263.2,15.02,38.87,1779.2,A
V50261,SH139,集装箱船,天津,宁波,2024-07-16 18:00,2024-07-18 04:11,585.2,34.19,61.81,798.0,C
V50262,SH136,渔船,深圳,上海,2025-03-04 08:00,2025-03-04 20:50,118.2,12.84,8.03,837.6,D
V50263,SH236,集装箱船,上海,青岛,2024-08-29 10:00,2024-09-04 12:44,2574.2,146.75,341.52,2806.4,B
V50264,SH161,油轮,深圳,上海,2024-05-15 19:00,2024-05-19 20:31,1095.2,97.53,74.44,200.3,D
V50265,SH144,散货船,大连,宁波,2025-07-31 18:00,2025-08-01 04:21,131.5,10.36,18.21,1005.5,A
V50266,SH250,油轮,宁波,深圳,2024-01-30 11:00,2024-01-30 17:18,71.4,6.31,5.58,3470.2,D
V50267,SH140,油轮,上海,深圳,2025-08-16 09:00,2025-08-17 06:51,358.5,21.87,31.43,219.6,D
V50268,SH210,集装箱船,天津,青岛,2025-08-14 05:00,2025-08-17 22:24,1289.4,89.42,97.26,746.1,C
V50269,SH202,集装箱船,大连,天津,2025-03-22 23:00,2025-03-24 06:38,434.1,31.65,65.06,495.5,C
V50270,SH112,油轮,厦门,深圳,2024-08-28 04:00,2024-09-02 14:19,1437.5,130.32,87.81,2190.6,A
V50271,SH119,散货船,广州,天津,2025-08-07 11:00,2025-08-12 23:17,1227.8,132.3,76.43,505.8,B
V50272,SH198,渔船,广州,广州,2025-02-12 02:00,2025-02-12 20:06,194.9,18.11,24.87,1701.4,C
V50273,SH201,客船,深圳,上海,2024-05-21 15:00,2024-05-24 05:08,687.4,62.14,71.36,4512.2,D
V50274,SH190,油轮,天津,广州,2025-11-28 09:00,2025-11-30 06:47,501.4,45.78,53.51,2756.0,B
V50275,SH108,油轮,上海,厦门,2025-07-03 08:00,2025-07-03 19:25,118.9,11.42,16.83,694.4,A
V50276,SH210,客船,大连,大连,2024-11-09 04:00,2024-11-09 11:31,88.0,7.53,10.05,2032.5,C
V50277,SH169,客船,广州,深圳,2024-01-04 08:00,2024-01-11 10:26,1468.3,170.45,136.55,170.5,C
V50278,SH163,渔船,宁波,宁波,2024-12-07 23:00,2024-12-08 21:13,394.5,22.22,40.69,2979.8,A
V50279,SH140,客船,深圳,厦门,2024-04-09 08:00,2024-04-18 16:25,2326.6,224.42,189.67,464.9,D
V50280,SH141,客船,厦门,上海,2025-03-14 09:00,2025-03-14 17:57,130.4,8.96,8.22,6163.9,B
V50281,SH238,客船,青岛,广州,2025-01-25 17:00,2025-01-31 10:45,1344.2,137.75,176.57,4874.3,D
V50282,SH166,散货船,上海,广州,2025-02-10 22:00,2025-02-19 13:02,2774.3,207.04,402.49,612.5,D
V50283,SH142,集装箱船,天津,青岛,2024-01-12 22:00,2024-01-14 13:27,427.2,39.45,36.2,1251.3,C
V50284,SH176,散货船,宁波,上海,2025-10-21 12:00,2025-10-28 18:36,2387.5,174.61,299.85,1926.2,D
V50285,SH143,渔船,大连,深圳,2025-07-01 14:00,2025-07-05 08:33,824.9,90.55,84.27,3303.1,C
V50286,SH166,集装箱船,深圳,青岛,2024-08-08 19:00,2024-08-08 22:18,59.2,3.31,7.02,103.2,C
V50287,SH177,集装箱船,上海,广州,2025-02-12 11:00,2025-02-15 09:39,704.0,70.66,42.53,538.4,B
V50288,SH205,渔船,厦门,厦门,2024-02-06 08:00,2024-02-09 14:38,920.5,78.65,79.91,2634.2,B
V50289,SH195,散货船,宁波,厦门,2024-02-22 16:00,2024-02-24 23:36,719.9,55.61,58.5,9.1,B
V50290,SH109,客船,深圳,青岛,2025-03-13 19:00,2025-03-20 16:04,2547.1,165.07,296.0,1021.5,D
V50291,SH131,客船,宁波,深圳,2025-06-21 00:00,2025-06-25 16:53,1029.5,112.89,91.32,289.0,A
V50292,SH161,油轮,天津,天津,2024-04-17 23:00,2024-04-23 17:49,2344.1,138.82,250.74,3253.7,D
V50293,SH185,客船,青岛,青岛,2025-03-12 11:00,2025-03-15 19:21,993.1,80.37,62.62,1581.6,D
V50294,SH143,油轮,厦门,厦门,2025-07-24 07:00,2025-07-24 09:31,38.2,2.53,5.42,92.5,B
V50295,SH105,客船,宁波,厦门,2024-11-08 03:00,2024-11-09 03:59,223.7,24.99,26.55,2439.7,A
V50296,SH202,散货船,深圳,青岛,2025-01-26 02:00,2025-01-29 12:06,957.4,82.11,95.66,3.7,C
V50297,SH246,油轮,青岛,上海,2025-04-15 11:00,2025-04-21 03:48,1253.8,136.8,67.8,1753.9,A
V50298,SH228,集装箱船,宁波,宁波,2024-11-14 12:00,2024-11-18 15:29,1435.9,99.49,192.48,3958.5,C
V50299,SH203,集装箱船,上海,厦门,2025-02-19 19:00,2025-02-22 00:10,578.1,53.18,46.8,3860.3,C
V50300,SH230,油轮,深圳,宁波,2024-10-04 17:00,2024-10-11 01:56,1426.4,152.95,202.91,662.6,D
V50301,SH191,渔船,厦门,厦门,2025-06-22 20:00,2025-06-26 08:28,1095.8,84.47,116.8,709.4,D
V50302,SH173,油轮,上海,厦门,2024-12-19 20:00,2024-12-24 03:49,896.1,103.83,69.53,239.4,C
V50303,SH123,散货船,深圳,上海,2024-08-28 17:00,2024-08-29 16:52,301.4,23.87,38.2,1876.9,D
V50304,SH143,集装箱船,厦门,青岛,2024-02-13 03:00,2024-02-19 13:12,1813.2,154.22,95.93,2420.3,A
V50305,SH178,渔船,天津,宁波,2024-10-02 19:00,2024-10-02 22:39,60.5,3.66,7.39,866.9,A
V50306,SH235,客船,青岛,厦门,2024-01-21 23:00,2024-01-22 10:11,107.6,11.18,5.56,501.6,C
V50307,SH109,集装箱船,上海,厦门,2024-11-20 13:00,2024-11-20 20:45,122.4,7.76,13.89,429.7,C
V50308,SH181,客船,厦门,深圳,2024-01-08 17:00,2024-01-09 01:48,79.5,8.81,6.09,3572.4,A
V50309,SH220,渔船,上海,天津,2024-06-06 09:00,2024-06-10 22:49,1558.8,109.82,175.05,221.6,B
V50310,SH247,散货船,青岛,宁波,2024-06-15 09:00,2024-06-19 15:59,1426.7,103.0,120.63,5947.2,D
V50311,SH105,渔船,广州,上海,2025-02-22 22:00,2025-02-28 15:33,2020.0,137.55,184.61,4250.7,C
V50312,SH205,客船,厦门,上海,2024-11-21 13:00,2024-11-24 16:17,787.6,75.3,104.08,1188.4,A
V50313,SH211,油轮,大连,宁波,2024-01-24 11:00,2024-01-30 00:15,1706.2,133.26,253.91,66.1,C
V50314,SH242,渔船,厦门,厦门,2024-11-30 19:00,2024-12-01 07:06,169.2,12.11,15.77,874.5,C
V50315,SH108,渔船,上海,天津,2024-05-25 08:00,2024-05-25 15:53,71.4,7.88,8.56,1123.9,C
V50316,SH185,油轮,上海,青岛,2025-08-19 23:00,2025-08-23 18:05,1526.1,91.1,103.83,493.4,B
V50317,SH186,集装箱船,上海,青岛,2025-03-11 11:00,2025-03-11 21:14,162.6,10.24,9.38,131.5,D
V50318,SH157,油轮,大连,深圳,2024-10-11 23:00,2024-10-16 05:27,850.0,102.45,58.07,5958.3,A
V50319,SH178,渔船,上海,广州,2024-10-15 20:00,2024-10-31 03:44,4605.2,367.75,485.85,938.8,C
V50320,SH146,油轮,宁波,上海,2024-11-28 00:00,2024-11-30 12:57,787.8,60.95,52.49,538.4,A
V50321,SH206,渔船,天津,深圳,2024-04-16 05:00,2024-04-16 07:02,19.4,2.03,1.72,260.5,B
V50322,SH224,散货船,大连,广州,2025-10-27 14:00,2025-11-10 15:24,3967.4,337.41,206.9,2275.7,A
V50323,SH226,油轮,青岛,宁波,2024-02-14 16:00,2024-02-15 23:53,525.5,31.89,77.24,2650.4,A
V50324,SH239,集装箱船,厦门,青岛,2025-05-24 10:00,2025-06-01 20:57,2641.6,202.96,151.21,566.5,B
V50325,SH119,客船,宁波,深圳,2024-11-22 22:00,2024-11-26 10:44,1389.1,84.73,84.29,588.3,C
V50326,SH231,渔船,广州,宁波,2024-05-04 11:00,2024-05-07 06:58,989.4,67.97,56.78,40.5,A
V50327,SH241,集装箱船,厦门,宁波,2024-01-27 14:00,2024-01-28 09:06,313.9,19.11,19.92,1952.7,B
V50328,SH182,客船,宁波,厦门,2024-02-17 10:00,2024-02-19 16:49,861.9,54.83,115.88,1158.7,A
V50329,SH156,集装箱船,青岛,青岛,2024-08-11 23:00,2024-08-12 10:59,151.3,11.99,20.58,1645.0,A
V50330,SH246,渔船,天津,上海,2024-08-21 18:00,2024-08-23 12:45,375.3,42.76,32.58,123.6,C
V50331,SH248,渔船,天津,广州,2024-06-02 04:00,2024-06-05 03:25,1060.8,71.42,131.32,1089.0,C
V50332,SH178,集装箱船,厦门,天津,2025-04-13 03:00,2025-04-13 09:33,69.3,6.55,6.05,3607.4,D
V50333,SH212,油轮,深圳,广州,2024-06-05 23:00,2024-06-10 00:53,1610.2,97.89,167.49,639.9,B
V50334,SH139,集装箱船,天津,厦门,2025-01-23 16:00,2025-01-24 04:33,222.2,12.56,11.69,808.9,B
V50335,SH154,渔船,大连,厦门,2024-01-20 13:00,2024-01-28 07:23,1757.0,186.39,259.91,1738.5,A
V50336,SH155,客船,广州,上海,2025-05-06 02:00,2025-05-10 01:05,1501.4,95.09,127.87,2465.1,B
V50337,SH191,集装箱船,厦门,宁波,2025-11-17 11:00,2025-11-26 05:22,3002.5,210.37,429.78,2744.0,A
V50338,SH215,渔船,宁波,天津,2025-09-18 20:00,2025-09-25 06:05,2578.5,154.09,377.23,3689.3,C
V50339,SH221,散货船,大连,厦门,2024-09-02 11:00,2024-09-03 18:13,389.5,31.22,25.05,629.7,A
V50340,SH245,客船,大连,青岛,2024-06-19 11:00,2024-06-19 19:26,141.7,8.45,18.54,517.9,B
V50341,SH164,渔船,深圳,深圳,2024-09-17 20:00,2024-09-17 23:49,64.0,3.82,9.31,22.7,A
V50342,SH144,油轮,广州,深圳,2025-08-12 05:00,2025-08-27 09:37,5994.0,364.63,382.41,429.7,A
V50343,SH218,油轮,青岛,宁波,2025-03-08 01:00,2025-03-08 17:27,239.6,16.46,30.9,338.2,C
V50344,SH138,客船,天津,广州,2024-07-29 22:00,2024-08-04 15:14,2384.1,137.24,298.91,736.9,A
V50345,SH142,散货船,厦门,宁波,2025-11-16 00:00,2025-11-16 00:21,6.3,0.35,0.66,783.4,B
V50346,SH240,散货船,上海,深圳,2025-11-02 17:00,2025-11-03 01:39,102.4,8.66,15.14,5004.0,B
V50347,SH187,油轮,上海,青岛,2025-01-19 12:00,2025-01-21 18:15,905.1,54.26,95.06,502.9,B
V50348,SH156,客船,厦门,大连,2024-04-27 17:00,2024-05-01 20:42,818.5,99.71,83.09,1276.7,C
V50349,SH165,散货船,天津,上海,2024-10-14 01:00,2024-10-21 16:12,3283.4,183.21,484.71,232.1,B
V50350,SH205,散货船,青岛,大连,2024-10-14 02:00,2024-10-18 01:25,1437.3,95.43,73.13,2017.0,B
V50351,SH173,客船,广州,广州,2025-08-14 18:00,2025-08-23 16:22,3500.0,214.38,443.64,8.2,B
V50352,SH123,客船,青岛,深圳,2024-09-29 02:00,2024-10-02 19:05,1208.5,89.1,166.5,522.6,D
V50353,SH155,散货船,宁波,广州,2025-01-26 07:00,2025-01-26 07:50,7.1,0.85,0.44,509.5,C
V50354,SH174,集装箱船,青岛,天津,2025-12-01 02:00,2025-12-01 04:04,21.1,2.07,1.37,372.3,B
V50355,SH223,油轮,大连,广州,2024-03-15 07:00,2024-03-18 17:43,1115.2,82.72,144.87,1492.9,B
V50356,SH241,油轮,宁波,上海,2025-08-08 16:00,2025-08-10 19:34,494.4,51.58,40.59,4951.1,C
V50357,SH213,散货船,大连,上海,2025-04-27 20:00,2025-04-27 20:23,7.0,0.39,0.44,1776.2,A
V50358,SH153,散货船,上海,青岛,2024-06-16 22:00,2024-06-20 05:23,670.3,79.39,51.03,1960.7,B
V50359,SH195,渔船,大连,宁波,2024-12-21 15:00,2024-12-26 09:42,954.3,114.71,55.53,703.3,C
V50360,SH195,渔船,宁波,深圳,2025-07-17 04:00,2025-07-18 07:57,318.7,27.95,24.75,1248.0,B
V50361,SH106,客船,深圳,宁波,2024-04-16 16:00,2024-04-24 21:47,2398.3,197.79,169.59,804.7,C
V50362,SH105,集装箱船,大连,厦门,2025-06-03 20:00,2025-06-08 21:07,1497.5,121.13,163.07,3080.5,D
V50363,SH222,油轮,大连,青岛,2025-11-30 18:00,2025-12-10 22:18,2685.4,244.32,282.89,1450.1,B
V50364,SH157,集装箱船,广州,上海,2024-11-07 05:00,2024-11-07 14:10,134.9,9.17,14.87,898.1,A
V50365,SH227,油轮,深圳,青岛,2025-05-10 15:00,2025-05-17 16:00,2785.9,169.01,211.56,2569.8,D
V50366,SH160,渔船,厦门,天津,2025-11-30 19:00,2025-12-03 23:06,779.8,76.12,79.79,1065.6,A
V50367,SH222,散货船,广州,上海,2025-11-03 04:00,2025-11-04 11:36,280.2,31.61,18.46,3951.9,D
V50368,SH148,散货船,厦门,厦门,2024-09-22 20:00,2024-09-23 03:09,59.8,7.16,5.16,1004.0,D
V50369,SH130,集装箱船,宁波,上海,2025-01-10 16:00,2025-01-12 15:41,673.5,47.69,63.62,46.9,B
V50370,SH142,集装箱船,大连,宁波,2024-06-06 04:00,2024-06-06 20:56,233.3,16.95,29.78,1385.3,B
V50371,SH135,渔船,上海,青岛,2024-05-24 05:00,2024-05-29 16:59,2130.0,131.98,315.24,12.6,D
V50372,SH201,渔船,上海,广州,2025-04-18 07:00,2025-04-22 03:43,1408.7,92.73,119.23,1112.3,D
V50373,SH190,客船,深圳,广州,2024-10-21 03:00,2024-10-25 12:21,1084.7,105.36,161.32,1959.8,B
V50374,SH247,油轮,宁波,宁波,2024-06-22 01:00,2024-06-23 12:39,584.1,35.65,78.51,1369.9,D
V50375,SH226,渔船,大连,宁波,2025-04-01 17:00,2025-04-01 21:11,49.6,4.19,5.95,108.3,B
V50376,SH132,油轮,上海,天津,2024-12-26 02:00,2024-12-26 05:23,27.3,3.39,3.48,2527.9,A
V50377,SH180,集装箱船,宁波,大连,2024-03-28 16:00,2024-03-29 22:28,329.7,30.48,23.4,533.5,B
V50378,SH215,渔船,厦门,深圳,2024-08-30 08:00,2024-08-30 09:20,14.7,1.34,1.86,1805.8,D
V50379,SH101,油轮,厦门,宁波,2025-06-27 17:00,2025-07-01 20:57,1616.1,99.96,106.52,1023.6,B
V50380,SH187,油轮,宁波,深圳,2024-02-23 04:00,2024-02-25 13:14,716.7,57.24,39.51,547.6,C
V50381,SH191,渔船,大连,天津,2025-04-26 02:00,2025-05-01 11:11,2310.4,129.19,183.76,1603.8,A
V50382,SH205,集装箱船,深圳,大连,2024-10-27 03:00,2024-11-01 08:12,1292.6,125.21,155.75,392.2,B
V50383,SH241,油轮,厦门,厦门,2024-02-17 06:00,2024-02-17 16:06,116.4,10.1,7.94,1500.7,B
V50384,SH224,渔船,厦门,上海,2024-06-18 21:00,2024-06-19 15:38,157.3,18.64,17.44,329.8,B
V50385,SH144,集装箱船,深圳,深圳,2025-07-21 21:00,2025-07-22 22:43,267.0,25.72,37.27,146.7,C
V50386,SH163,集装箱船,天津,深圳,2024-09-05 01:00,2024-09-13 15:40,2350.1,206.67,321.86,1094.4,C
V50387,SH126,集装箱船,宁波,广州,2024-10-16 11:00,2024-10-16 17:01,106.5,6.02,10.37,2445.2,A
V50388,SH245,油轮,广州,天津,2024-08-24 14:00,2024-08-29 11:27,1992.5,117.46,220.45,2344.7,B
V50389,SH202,客船,青岛,上海,2024-02-16 06:00,2024-02-17 16:19,595.3,34.32,57.69,1919.0,C
V50390,SH244,散货船,上海,大连,2025-01-29 19:00,2025-02-02 05:23,968.3,82.4,144.44,3870.5,B
V50391,SH123,油轮,深圳,上海,2025-03-19 04:00,2025-03-20 09:55,523.6,29.92,65.68,3090.1,D
V50392,SH155,油轮,宁波,宁波,2024-02-27 18:00,2024-02-28 20:41,224.0,26.69,20.92,1648.2,A
V50393,SH177,散货船,广州,深圳,2025-08-23 06:00,2025-08-25 22:55,1017.3,64.93,100.43,833.6,C
V50394,SH151,油轮,深圳,广州,2025-01-26 15:00,2025-02-06 00:52,2739.9,249.87,168.68,2688.8,B
V50395,SH209,集装箱船,青岛,大连,2025-10-27 14:00,2025-10-28 21:01,492.7,31.03,53.6,2510.5,A
V50396,SH232,客船,青岛,深圳,2024-06-03 17:00,2024-06-11 09:48,2386.7,184.81,306.11,525.1,D
V50397,SH155,集装箱船,天津,青岛,2025-08-27 02:00,2025-08-29 14:34,771.5,60.57,41.68,1222.5,B
V50398,SH122,散货船,青岛,青岛,2024-09-16 15:00,2024-09-19 08:13,892.9,65.23,58.65,1906.8,A
V50399,SH197,客船,上海,上海,2025-01-05 11:00,2025-01-09 10:37,1568.4,95.62,178.62,984.7,D
V50400,SH160,油轮,厦门,广州,2025-04-30 01:00,2025-04-30 19:01,213.4,18.03,24.46,495.7,D
V50401,SH231,散货船,深圳,大连,2024-09-18 09:00,2024-09-24 17:13,1936.8,152.22,219.68,1337.7,A
V50402,SH191,客船,青岛,青岛,2024-01-19 12:00,2024-01-20 05:02,195.0,17.04,14.48,2203.3,D
V50403,SH198,渔船,宁波,厦门,2025-08-22 23:00,2025-08-23 15:37,195.3,16.63,24.78,729.7,D
V50404,SH109,散货船,深圳,天津,2025-04-19 22:00,2025-04-25 15:30,1809.7,137.51,215.94,4019.6,B
V50405,SH153,渔船,大连,大连,2024-11-21 17:00,2024-11-24 21:53,1225.0,76.89,161.42,265.0,B
V50406,SH156,集装箱船,上海,上海,2024-09-16 09:00,2024-09-21 07:33,1766.9,118.56,257.23,1982.8,D
V50407,SH115,散货船,大连,大连,2025-01-24 08:00,2025-01-25 02:31,313.1,18.52,21.12,127.4,A
V50408,SH187,渔船,大连,广州,2025-07-31 16:00,2025-08-02 02:18,382.0,34.31,53.44,596.1,B
V50409,SH218,客船,厦门,天津,2024-08-24 16:00,2024-08-26 01:17,283.3,33.29,24.86,199.7,B
V50410,SH221,油轮,广州,上海,2025-08-25 07:00,2025-08-26 13:49,372.9,30.82,19.1,1247.0,B
V50411,SH196,渔船,厦门,深圳,2024-10-24 10:00,2024-10-27 10:12,686.9,72.2,100.05,1403.8,B
V50412,SH172,客船,厦门,深圳,2024-09-10 11:00,2024-09-11 05:10,245.9,18.18,31.79,920.6,C
V50413,SH109,客船,深圳,广州,2024-02-14 03:00,2024-02-15 01:26,347.0,22.45,45.02,3413.3,C
V50414,SH186,集装箱船,天津,上海,2024-04-28 15:00,2024-05-04 03:56,2000.4,132.94,124.19,912.8,C
V50415,SH140,集装箱船,天津,厦门,2024-02-16 00:00,2024-02-16 11:13,143.3,11.23,10.37,1552.2,D
V50416,SH179,渔船,深圳,深圳,2024-12-26 16:00,2024-12-28 12:50,452.3,44.84,26.73,2610.5,B
V50417,SH120,集装箱船,厦门,天津,2024-03-31 09:00,2024-04-03 09:20,716.9,72.35,36.02,777.2,C
V50418,SH162,油轮,厦门,厦门,2024-07-19 15:00,2024-07-26 10:11,1416.0,163.19,88.99,56.7,A
V50419,SH214,渔船,厦门,青岛,2024-09-20 02:00,2024-10-04 00:09,3530.7,334.17,520.82,32.3,A
V50420,SH130,渔船,厦门,广州,2025-09-03 22:00,2025-09-08 15:00,1929.8,113.02,250.34,6536.9,D
V50421,SH114,渔船,宁波,上海,2025-01-11 14:00,2025-01-11 20:05,99.0,6.09,11.25,249.2,C
V50422,SH223,客船,深圳,广州,2025-03-06 20:00,2025-03-10 01:26,1138.1,77.43,132.38,607.2,C
V50423,SH170,客船,厦门,大连,2025-07-10 17:00,2025-07-10 17:31,4.4,0.52,0.58,3666.3,C
V50424,SH147,客船,上海,厦门,2024-01-22 05:00,2024-01-28 03:19,2302.5,142.33,187.95,873.5,A
V50425,SH118,渔船,深圳,青岛,2024-10-26 23:00,2024-11-03 10:49,2536.7,179.82,246.79,1780.0,A
V50426,SH190,客船,青岛,青岛,2024-04-22 11:00,2024-04-26 08:07,1489.0,93.12,92.58,5093.1,B
V50427,SH126,散货船,青岛,宁波,2025-02-16 22:00,2025-02-21 06:22,929.9,104.37,88.14,3203.6,A
V50428,SH189,集装箱船,厦门,厦门,2024-07-21 17:00,2024-07-27 04:41,1979.9,131.69,122.49,2689.3,A
V50429,SH159,客船,青岛,厦门,2024-03-30 05:00,2024-03-31 05:08,197.1,24.14,24.43,371.1,B
V50430,SH197,油轮,天津,厦门,2025-05-04 00:00,2025-05-12 06:17,2145.5,198.29,206.21,902.3,B
V50431,SH236,客船,厦门,广州,2025-03-21 10:00,2025-03-24 13:11,1179.7,75.19,117.68,2132.3,C
V50432,SH117,客船,宁波,青岛,2024-07-18 23:00,2024-07-21 01:21,613.9,50.35,74.68,411.3,C
V50433,SH203,渔船,青岛,广州,2024-05-29 00:00,2024-06-06 07:08,1942.9,199.15,224.27,2534.0,D
V50434,SH231,油轮,天津,宁波,2025-10-01 09:00,2025-10-02 13:15,301.8,28.26,41.99,6201.1,A
V50435,SH148,散货船,宁波,上海,2025-03-27 23:00,2025-04-03 08:37,2469.4,153.63,148.8,5955.4,B
V50436,SH145,油轮,宁波,厦门,2025-07-23 05:00,2025-07-24 02:11,244.8,21.2,12.32,7214.9,D
V50437,SH175,客船,大连,青岛,2025-05-25 00:00,2025-05-30 21:38,1932.7,141.65,268.74,5880.5,A
V50438,SH200,散货船,厦门,深圳,2025-09-20 04:00,2025-09-23 19:30,1110.3,87.5,120.3,1771.8,B
V50439,SH206,油轮,天津,天津,2024-05-20 01:00,2024-05-27 11:16,1864.4,178.27,158.35,8157.0,C
V50440,SH129,客船,天津,上海,2025-07-25 08:00,2025-07-27 07:05,623.2,47.09,35.78,835.5,A
V50441,SH156,集装箱船,宁波,天津,2025-04-19 12:00,2025-04-20 16:35,428.1,28.6,48.63,2.0,C
V50442,SH144,渔船,天津,宁波,2024-06-01 16:00,2024-06-03 19:06,559.1,51.11,70.15,2450.8,C
V50443,SH173,集装箱船,青岛,上海,2024-03-26 05:00,2024-04-10 05:12,6276.8,360.21,810.27,917.0,B
V50444,SH193,渔船,上海,大连,2025-03-24 02:00,2025-03-24 06:52,82.1,4.87,4.84,1920.0,B
V50445,SH130,客船,宁波,青岛,2025-08-26 10:00,2025-08-27 23:16,652.9,37.28,35.65,12679.6,C
V50446,SH111,集装箱船,大连,天津,2024-04-15 22:00,2024-04-16 23:59,283.5,25.99,30.47,200.3,A
V50447,SH170,客船,厦门,厦门,2024-10-16 07:00,2024-10-26 07:10,3709.9,240.17,289.5,249.6,C
V50448,SH222,集装箱船,厦门,上海,2025-02-21 23:00,2025-02-24 02:46,882.2,51.78,50.82,149.5,C
V50449,SH115,油轮,上海,天津,2025-03-26 21:00,2025-03-27 05:52,91.1,8.87,11.27,1786.8,B
V50450,SH189,渔船,广州,广州,2025-04-07 02:00,2025-04-07 18:05,166.6,16.08,22.26,1040.5,D
V50451,SH216,集装箱船,宁波,厦门,2024-01-17 03:00,2024-01-19 04:50,798.3,49.84,62.51,1052.9,B
V50452,SH167,集装箱船,深圳,厦门,2025-03-19 22:00,2025-03-21 03:18,377.4,29.3,32.59,2541.4,B
V50453,SH197,客船,广州,青岛,2024-01-26 19:00,2024-02-03 08:45,3077.6,181.76,357.95,520.2,B
V50454,SH247,散货船,上海,广州,2025-06-04 20:00,2025-06-13 09:48,2693.2,205.81,281.32,2271.0,B
V50455,SH157,渔船,天津,青岛,2024-09-07 23:00,2024-09-08 17:27,272.8,18.46,34.1,2627.9,B
V50456,SH206,渔船,厦门,宁波,2025-11-29 16:00,2025-11-29 17:30,12.1,1.5,0.86,932.8,B
V50457,SH155,客船,广州,宁波,2025-10-01 16:00,2025-10-13 16:40,2438.7,288.67,202.55,5310.7,C
V50458,SH117,渔船,宁波,厦门,2024-01-20 00:00,2024-01-23 20:26,1634.8,92.45,87.87,2051.7,A
V50459,SH166,渔船,广州,厦门,2025-03-18 19:00,2025-03-20 15:00,506.8,44.01,38.47,4133.6,C
V50460,SH162,油轮,宁波,上海,2025-02-05 17:00,2025-02-06 00:28,123.7,7.47,6.72,1516.1,C
V50461,SH131,油轮,青岛,深圳,2024-09-21 19:00,2024-09-23 22:35,914.6,51.6,129.89,912.5,A
V50462,SH160,集装箱船,宁波,青岛,2025-05-30 10:00,2025-06-03 03:22,739.3,89.38,42.69,3752.6,A
V50463,SH132,集装箱船,厦门,青岛,2024-05-25 22:00,2024-05-29 22:57,1665.7,96.97,228.22,1832.4,B
V50464,SH205,油轮,青岛,上海,2025-02-06 07:00,2025-02-07 14:02,379.2,31.04,42.31,1546.6,B
V50465,SH138,客船,宁波,广州,2025-08-30 00:00,2025-09-04 21:40,2263.3,141.68,164.71,363.2,D
V50466,SH179,渔船,天津,青岛,2024-12-06 22:00,2024-12-07 16:28,168.5,18.47,14.61,1664.1,B
V50467,SH115,集装箱船,大连,广州,2025-07-09 00:00,2025-07-13 03:39,1544.8,99.65,156.59,397.4,B
V50468,SH188,集装箱船,大连,天津,2025-01-25 07:00,2025-01-28 13:37,767.8,78.62,114.3,574.9,C
V50469,SH202,渔船,厦门,天津,2024-11-16 16:00,2024-11-18 04:12,474.8,36.21,54.21,481.5,B
V50470,SH164,集装箱船,广州,广州,2024-04-17 11:00,2024-04-19 21:57,894.3,58.97,126.27,2704.1,B
V50471,SH137,客船,宁波,厦门,2024-03-05 11:00,2024-03-08 05:15,1060.5,66.25,67.12,1492.1,B
V50472,SH224,渔船,青岛,上海,2024-10-15 00:00,2024-10-17 14:53,778.3,62.9,76.01,4007.7,A
V50473,SH194,集装箱船,天津,青岛,2025-11-04 18:00,2025-11-05 03:36,99.0,9.61,5.76,4055.7,B
V50474,SH110,油轮,天津,天津,2024-08-15 01:00,2024-08-15 20:06,333.2,19.12,45.32,2018.7,D
V50475,SH206,油轮,广州,青岛,2024-11-02 16:00,2024-11-04 10:17,679.6,42.29,85.15,186.3,D
V50476,SH162,集装箱船,大连,厦门,2025-02-19 09:00,2025-02-26 00:32,2353.5,159.55,244.4,1497.6,A
V50477,SH108,渔船,宁波,大连,2025-02-04 11:00,2025-02-06 06:22,643.0,43.38,84.13,1068.0,D
V50478,SH123,集装箱船,天津,青岛,2025-05-09 13:00,2025-05-13 17:51,871.6,100.85,107.21,4944.7,C
V50479,SH200,油轮,大连,天津,2025-01-24 03:00,2025-01-29 17:23,2067.9,134.39,261.3,25.2,B
V50480,SH198,客船,大连,大连,2024-11-08 22:00,2024-11-09 13:15,228.9,15.26,17.08,4074.8,B
V50481,SH148,集装箱船,宁波,广州,2025-11-03 04:00,2025-11-03 23:48,190.6,19.81,18.22,550.9,C
V50482,SH227,集装箱船,大连,厦门,2024-09-18 09:00,2024-09-23 16:31,1702.8,127.52,175.87,1466.6,C
V50483,SH169,客船,广州,厦门,2024-07-17 21:00,2024-07-20 19:37,1164.6,70.62,65.39,3529.7,B
V50484,SH196,渔船,上海,深圳,2025-03-29 11:00,2025-03-31 04:16,417.1,41.27,58.79,3621.1,C
V50485,SH141,集装箱船,大连,深圳,2024-11-01 00:00,2024-11-04 04:40,1058.4,76.67,140.19,1715.8,B
V50486,SH204,散货船,青岛,青岛,2024-07-02 08:00,2024-07-02 19:55,184.5,11.93,23.73,729.7,B
V50487,SH227,客船,厦门,宁波,2024-03-08 14:00,2024-03-13 18:08,1275.1,124.15,124.36,539.2,D
V50488,SH246,客船,深圳,厦门,2025-05-09 22:00,2025-05-19 16:18,3561.9,234.32,465.64,3610.2,C
V50489,SH173,渔船,上海,大连,2024-03-05 07:00,2024-03-06 21:05,320.6,38.09,18.31,464.0,A
V50490,SH241,渔船,天津,宁波,2024-10-22 23:00,2024-10-23 11:55,189.8,12.93,19.25,3835.4,C
V50491,SH168,渔船,大连,上海,2025-11-06 20:00,2025-11-07 00:12,65.1,4.21,6.9,186.8,B
V50492,SH170,散货船,宁波,宁波,2024-02-25 10:00,2024-02-27 13:20,432.8,51.34,39.78,2092.5,C
V50493,SH173,油轮,青岛,天津,2024-08-06 07:00,2024-08-06 13:15,51.6,6.26,5.35,146.2,B
V50494,SH220,客船,深圳,厦门,2024-11-18 13:00,2024-11-19 23:41,382.1,34.68,36.86,7130.8,C
V50495,SH164,客船,宁波,大连,2024-03-12 23:00,2024-03-16 06:38,1400.3,79.64,164.54,539.1,C
V50496,SH201,渔船,广州,天津,2025-03-31 06:00,2025-04-01 20:10,343.9,38.18,43.68,524.8,B
V50497,SH155,散货船,青岛,宁波,2025-04-15 22:00,2025-04-17 22:09,417.5,48.16,24.62,1287.4,D
V50498,SH140,散货船,大连,深圳,2025-10-24 06:00,2025-10-24 13:25,88.4,7.42,7.89,2512.6,B
V50499,SH196,集装箱船,大连,青岛,2024-07-19 19:00,2024-07-20 05:25,102.5,10.42,12.76,77.1,B
