city,year,month,date,avg_temp,max_temp,min_temp,precipitation_mm,humidity_pct,aqi
北京,2021,1,2021-01-15,1.0,7.7,-6.0,4.5,63,26
北京,2021,2,2021-02-15,1.1,8.1,-4.6,0.7,50,62
北京,2021,3,2021-03-15,4.1,7.6,-1.3,52.1,63,124
北京,2021,4,2021-04-15,13.8,20.3,6.5,1.6,58,71
北京,2021,5,2021-05-15,17.3,25.1,14.0,49.2,61,111
北京,2021,6,2021-06-15,22.1,27.4,14.7,2.2,84,111
北京,2021,7,2021-07-15,23.8,29.3,20.5,0.6,64,93
北京,2021,8,2021-08-15,23.9,29.4,18.4,6.8,64,43
北京,2021,9,2021-09-15,17.6,21.5,11.2,6.2,67,75
北京,2021,10,2021-10-15,13.3,20.9,9.2,45.1,79,91
北京,2021,11,2021-11-15,5.6,10.8,1.7,13.2,48,91
北京,2021,12,2021-12-15,0.6,4.3,-4.2,4.8,66,134
北京,2022,1,2022-01-15,-0.1,6.3,-8.0,13.7,50,56
北京,2022,2,2022-02-15,2.0,7.8,-3.0,19.8,67,95
北京,2022,3,2022-03-15,7.2,13.9,-0.4,33.8,75,73
北京,2022,4,2022-04-15,11.4,17.4,8.1,7.2,65,57
北京,2022,5,2022-05-15,18.6,23.7,10.7,32.4,69,87
北京,2022,6,2022-06-15,19.9,26.0,14.6,3.1,72,60
北京,2022,7,2022-07-15,23.5,28.5,19.0,43.2,64,88
北京,2022,8,2022-08-15,21.8,26.0,18.3,16.6,59,86
北京,2022,9,2022-09-15,16.1,24.0,8.6,1.2,58,93
北京,2022,10,2022-10-15,12.4,18.2,6.1,6.3,78,66
北京,2022,11,2022-11-15,6.4,12.2,-0.8,3.4,39,20
北京,2022,12,2022-12-15,1.7,8.2,-4.3,39.2,65,59
北京,2023,1,2023-01-15,0.4,4.2,-6.8,6.2,58,91
北京,2023,2,2023-02-15,3.0,6.5,-1.3,6.3,65,48
北京,2023,3,2023-03-15,6.1,13.1,-1.9,31.1,66,78
北京,2023,4,2023-04-15,10.4,16.9,7.4,14.1,62,97
北京,2023,5,2023-05-15,18.6,23.0,14.5,9.7,59,76
北京,2023,6,2023-06-15,23.0,27.0,19.8,12.3,85,37
北京,2023,7,2023-07-15,25.9,31.0,20.8,77.4,81,145
北京,2023,8,2023-08-15,23.4,27.0,16.3,41.3,52,72
北京,2023,9,2023-09-15,18.1,21.1,12.2,30.0,91,71
北京,2023,10,2023-10-15,9.1,17.1,3.4,26.7,81,58
北京,2023,11,2023-11-15,5.3,12.0,-0.9,13.3,54,75
北京,2023,12,2023-12-15,2.4,7.4,-3.4,24.9,74,69
北京,2024,1,2024-01-15,-1.6,5.3,-7.3,12.4,63,33
北京,2024,2,2024-02-15,0.2,3.3,-7.8,18.6,98,76
北京,2024,3,2024-03-15,5.5,11.1,-1.8,5.3,45,117
北京,2024,4,2024-04-15,9.4,16.0,1.7,0.4,78,153
北京,2024,5,2024-05-15,17.5,21.8,9.8,33.8,75,27
北京,2024,6,2024-06-15,21.4,25.7,18.1,1.4,77,116
北京,2024,7,2024-07-15,26.2,34.1,21.1,31.5,62,62
北京,2024,8,2024-08-15,22.4,29.0,18.7,51.6,73,51
北京,2024,9,2024-09-15,16.5,24.5,11.3,34.4,62,61
北京,2024,10,2024-10-15,12.0,19.4,8.0,25.2,78,168
北京,2024,11,2024-11-15,5.5,11.1,-1.3,27.8,84,89
北京,2024,12,2024-12-15,3.5,8.7,-3.4,6.2,57,74
北京,2025,1,2025-01-15,-0.2,3.5,-6.3,20.3,48,105
北京,2025,2,2025-02-15,0.8,5.4,-5.1,2.9,48,34
北京,2025,3,2025-03-15,8.5,14.3,1.9,8.6,81,148
北京,2025,4,2025-04-15,13.3,18.8,7.3,41.5,45,61
北京,2025,5,2025-05-15,19.8,23.9,16.3,49.9,64,70
北京,2025,6,2025-06-15,23.1,30.2,17.3,40.7,71,36
北京,2025,7,2025-07-15,24.2,28.5,18.6,65.1,74,135
北京,2025,8,2025-08-15,23.6,31.0,20.2,42.6,55,94
北京,2025,9,2025-09-15,18.1,23.9,10.8,23.0,95,92
北京,2025,10,2025-10-15,12.4,19.6,4.7,28.2,61,95
北京,2025,11,2025-11-15,9.3,14.2,6.2,9.9,74,77
北京,2025,12,2025-12-15,1.5,5.3,-5.5,16.4,80,68
上海,2021,1,2021-01-15,5.0,12.3,-0.4,2.0,83,125
上海,2021,2,2021-02-15,6.7,12.6,-0.3,3.0,79,77
上海,2021,3,2021-03-15,10.6,14.5,3.2,11.9,65,65
上海,2021,4,2021-04-15,18.0,21.6,12.2,5.8,68,101
上海,2021,5,2021-05-15,22.4,28.3,14.8,21.4,69,69
上海,2021,6,2021-06-15,27.3,35.0,21.8,20.8,58,20
上海,2021,7,2021-07-15,26.9,33.7,22.6,1.2,73,132
上海,2021,8,2021-08-15,25.9,29.9,22.0,170.5,82,121
上海,2021,9,2021-09-15,23.4,28.9,18.6,11.6,80,138
上海,2021,10,2021-10-15,17.7,21.6,11.4,69.2,65,38
上海,2021,11,2021-11-15,9.2,14.8,5.1,28.9,52,58
上海,2021,12,2021-12-15,6.8,12.4,-0.5,8.4,75,95
上海,2022,1,2022-01-15,5.6,10.8,0.4,0.2,59,73
上海,2022,2,2022-02-15,6.2,9.8,0.9,37.6,62,82
上海,2022,3,2022-03-15,10.0,13.9,3.6,0.8,75,58
上海,2022,4,2022-04-15,19.5,27.2,12.5,9.7,85,47
上海,2022,5,2022-05-15,21.5,28.4,14.6,22.9,52,91
上海,2022,6,2022-06-15,28.4,33.9,23.7,32.8,70,94
上海,2022,7,2022-07-15,30.3,34.6,23.1,1.4,65,79
上海,2022,8,2022-08-15,26.9,33.1,20.8,4.8,65,52
上海,2022,9,2022-09-15,21.6,26.6,16.0,52.4,68,43
上海,2022,10,2022-10-15,16.7,19.7,13.2,27.7,72,86
上海,2022,11,2022-11-15,12.0,16.6,7.7,17.1,69,20
上海,2022,12,2022-12-15,6.3,10.6,-0.8,16.2,70,75
上海,2023,1,2023-01-15,6.3,13.1,1.0,0.5,71,77
上海,2023,2,2023-02-15,6.0,12.6,-0.3,9.8,40,34
上海,2023,3,2023-03-15,11.4,16.8,4.0,34.7,72,61
上海,2023,4,2023-04-15,17.7,20.7,12.5,4.0,88,108
上海,2023,5,2023-05-15,22.3,29.7,14.4,24.8,42,92
上海,2023,6,2023-06-15,26.9,34.6,23.2,27.0,71,56
上海,2023,7,2023-07-15,29.5,34.4,23.0,1.4,59,88
上海,2023,8,2023-08-15,25.8,32.2,18.9,111.3,80,41
上海,2023,9,2023-09-15,23.3,28.1,17.5,11.7,87,66
上海,2023,10,2023-10-15,16.8,24.6,11.4,4.3,78,40
上海,2023,11,2023-11-15,9.2,17.1,3.7,4.2,76,86
上海,2023,12,2023-12-15,7.0,11.3,2.1,17.0,77,90
上海,2024,1,2024-01-15,5.2,8.4,0.6,41.4,64,56
上海,2024,2,2024-02-15,4.8,9.4,0.3,2.8,56,103
上海,2024,3,2024-03-15,11.3,17.1,6.4,18.8,88,60
上海,2024,4,2024-04-15,14.4,20.5,9.9,36.9,39,86
上海,2024,5,2024-05-15,23.0,26.7,17.1,3.1,66,123
上海,2024,6,2024-06-15,26.1,33.0,18.6,3.0,48,104
上海,2024,7,2024-07-15,30.0,34.4,24.5,112.0,59,111
上海,2024,8,2024-08-15,27.6,30.6,23.6,36.8,62,39
上海,2024,9,2024-09-15,22.5,26.4,14.8,46.8,78,73
上海,2024,10,2024-10-15,18.1,21.9,11.4,52.6,96,39
上海,2024,11,2024-11-15,13.2,16.8,8.2,53.3,85,24
上海,2024,12,2024-12-15,7.0,10.8,1.0,25.3,61,102
上海,2025,1,2025-01-15,5.2,12.2,1.6,24.8,67,103
上海,2025,2,2025-02-15,8.1,12.0,2.9,3.7,64,85
上海,2025,3,2025-03-15,10.7,17.1,5.5,8.6,68,72
上海,2025,4,2025-04-15,15.6,22.7,10.8,22.0,56,103
上海,2025,5,2025-05-15,24.8,31.5,21.8,115.2,51,132
上海,2025,6,2025-06-15,28.5,35.8,24.2,2.3,82,108
上海,2025,7,2025-07-15,30.5,36.4,24.0,30.9,73,102
上海,2025,8,2025-08-15,31.3,36.6,26.3,3.1,64,39
上海,2025,9,2025-09-15,22.6,29.1,18.5,23.1,78,52
上海,2025,10,2025-10-15,19.0,24.2,11.3,7.3,61,48
上海,2025,11,2025-11-15,11.3,18.4,8.0,10.5,64,99
上海,2025,12,2025-12-15,6.3,11.2,-0.0,5.1,71,50
广州,2021,1,2021-01-15,10.7,16.3,3.0,15.4,66,100
广州,2021,2,2021-02-15,11.4,14.6,4.6,2.5,76,96
广州,2021,3,2021-03-15,14.2,21.8,6.6,7.1,94,56
广州,2021,4,2021-04-15,19.7,26.5,13.0,35.7,67,46
广州,2021,5,2021-05-15,28.2,32.3,22.7,43.6,74,89
广州,2021,6,2021-06-15,33.3,38.3,25.9,3.7,56,107
广州,2021,7,2021-07-15,32.8,36.5,28.4,23.0,85,97
广州,2021,8,2021-08-15,33.0,40.5,25.5,201.8,41,56
广州,2021,9,2021-09-15,28.9,36.0,23.7,8.6,65,23
广州,2021,10,2021-10-15,21.5,27.6,16.9,7.7,77,91
广州,2021,11,2021-11-15,14.2,19.3,9.9,10.8,64,69
广州,2021,12,2021-12-15,12.3,17.2,8.2,17.9,63,101
广州,2022,1,2022-01-15,10.4,17.0,6.0,57.2,62,76
广州,2022,2,2022-02-15,13.4,20.8,10.0,29.0,64,51
广州,2022,3,2022-03-15,15.3,19.9,11.8,0.4,82,59
广州,2022,4,2022-04-15,24.9,32.2,19.0,9.5,71,61
广州,2022,5,2022-05-15,28.6,34.3,21.1,96.9,68,94
广州,2022,6,2022-06-15,31.8,36.4,25.7,20.5,78,72
广州,2022,7,2022-07-15,33.8,38.5,27.0,40.5,50,94
广州,2022,8,2022-08-15,32.1,36.3,26.7,53.6,63,96
广州,2022,9,2022-09-15,25.9,30.9,18.6,24.3,44,81
广州,2022,10,2022-10-15,20.4,26.9,15.9,36.5,53,86
广州,2022,11,2022-11-15,14.7,18.4,9.3,17.9,66,81
广州,2022,12,2022-12-15,13.8,19.0,6.9,6.9,79,110
广州,2023,1,2023-01-15,11.1,15.4,6.4,8.0,93,86
广州,2023,2,2023-02-15,11.7,15.4,4.7,45.5,73,73
广州,2023,3,2023-03-15,14.5,22.0,6.9,4.4,79,97
广州,2023,4,2023-04-15,23.2,28.3,18.0,8.7,50,92
广州,2023,5,2023-05-15,30.6,38.3,25.7,16.4,68,170
广州,2023,6,2023-06-15,32.2,35.6,26.5,4.1,64,72
广州,2023,7,2023-07-15,34.0,41.3,28.8,29.3,57,75
广州,2023,8,2023-08-15,35.3,39.4,28.5,29.6,70,36
广州,2023,9,2023-09-15,27.6,33.7,21.1,1.2,75,93
广州,2023,10,2023-10-15,23.7,30.4,19.0,16.2,68,44
广州,2023,11,2023-11-15,15.1,19.9,10.1,0.3,60,105
广州,2023,12,2023-12-15,11.1,17.1,5.4,10.8,69,60
广州,2024,1,2024-01-15,12.0,17.2,6.9,11.1,67,53
广州,2024,2,2024-02-15,10.2,16.4,4.9,4.8,61,68
广州,2024,3,2024-03-15,15.4,22.0,9.2,2.4,64,150
广州,2024,4,2024-04-15,20.4,23.5,14.0,28.2,81,121
广州,2024,5,2024-05-15,29.4,34.2,22.9,14.1,70,125
广州,2024,6,2024-06-15,30.8,37.3,27.7,3.4,74,90
广州,2024,7,2024-07-15,33.4,38.7,27.0,53.0,53,112
广州,2024,8,2024-08-15,30.7,35.4,25.7,79.0,60,104
广州,2024,9,2024-09-15,25.0,29.8,21.9,9.7,65,34
广州,2024,10,2024-10-15,21.7,25.8,14.0,1.4,58,119
广州,2024,11,2024-11-15,13.4,17.2,9.1,10.2,59,99
广州,2024,12,2024-12-15,10.2,16.3,6.9,8.4,54,81
广州,2025,1,2025-01-15,12.3,18.8,7.3,4.0,62,86
广州,2025,2,2025-02-15,10.0,14.0,4.7,4.4,59,55
广州,2025,3,2025-03-15,18.6,24.2,15.3,35.5,80,40
广州,2025,4,2025-04-15,21.1,27.9,15.9,20.9,56,120
广州,2025,5,2025-05-15,29.2,35.5,24.0,36.4,61,119
广州,2025,6,2025-06-15,30.7,35.2,26.9,31.7,69,117
广州,2025,7,2025-07-15,33.6,39.8,25.9,100.4,77,81
广州,2025,8,2025-08-15,33.4,39.5,28.3,80.8,62,111
广州,2025,9,2025-09-15,28.8,32.6,22.9,153.7,92,96
广州,2025,10,2025-10-15,21.2,24.6,13.9,7.0,48,90
广州,2025,11,2025-11-15,15.5,23.2,10.5,15.5,74,85
广州,2025,12,2025-12-15,10.3,17.9,3.6,3.1,57,138
深圳,2021,1,2021-01-15,9.8,14.8,6.6,4.5,65,77
深圳,2021,2,2021-02-15,12.9,16.4,9.8,99.3,74,104
深圳,2021,3,2021-03-15,17.5,24.4,9.6,39.7,39,59
深圳,2021,4,2021-04-15,22.8,28.9,15.6,7.1,48,103
深圳,2021,5,2021-05-15,28.5,36.1,20.9,118.3,56,68
深圳,2021,6,2021-06-15,31.7,39.6,28.2,37.6,90,89
深圳,2021,7,2021-07-15,35.6,41.7,28.0,110.0,89,92
深圳,2021,8,2021-08-15,33.0,37.9,28.6,152.5,79,70
深圳,2021,9,2021-09-15,29.5,36.0,22.5,23.7,61,78
深圳,2021,10,2021-10-15,22.8,28.2,16.0,4.6,75,116
深圳,2021,11,2021-11-15,17.9,24.8,12.9,13.6,75,68
深圳,2021,12,2021-12-15,11.7,15.2,6.7,14.6,65,97
深圳,2022,1,2022-01-15,9.4,15.1,2.5,35.6,57,86
深圳,2022,2,2022-02-15,11.1,14.8,6.0,1.7,71,46
深圳,2022,3,2022-03-15,18.8,22.0,15.4,123.5,60,71
深圳,2022,4,2022-04-15,22.6,27.4,16.9,0.7,59,96
深圳,2022,5,2022-05-15,27.7,32.2,24.3,48.0,59,71
深圳,2022,6,2022-06-15,34.3,41.0,26.5,112.7,60,104
深圳,2022,7,2022-07-15,33.7,41.3,26.1,107.2,75,112
深圳,2022,8,2022-08-15,32.9,40.5,27.7,9.7,80,35
深圳,2022,9,2022-09-15,27.4,32.4,24.0,54.1,67,116
深圳,2022,10,2022-10-15,23.1,26.5,17.9,0.2,62,150
深圳,2022,11,2022-11-15,17.1,22.6,12.3,9.1,70,63
深圳,2022,12,2022-12-15,13.0,16.3,9.5,34.0,92,47
深圳,2023,1,2023-01-15,13.0,18.5,5.5,42.4,68,22
深圳,2023,2,2023-02-15,14.4,18.3,8.8,17.0,71,92
深圳,2023,3,2023-03-15,18.1,25.8,11.8,1.7,74,68
深圳,2023,4,2023-04-15,21.6,26.1,14.9,30.4,70,28
深圳,2023,5,2023-05-15,28.6,34.5,24.6,149.1,83,91
深圳,2023,6,2023-06-15,35.4,38.6,29.8,13.8,49,94
深圳,2023,7,2023-07-15,35.7,40.3,31.0,17.4,74,107
深圳,2023,8,2023-08-15,34.1,38.7,28.8,20.7,79,82
深圳,2023,9,2023-09-15,27.9,31.6,24.9,105.9,59,43
深圳,2023,10,2023-10-15,23.5,30.9,15.5,9.3,59,117
深圳,2023,11,2023-11-15,15.8,22.8,9.6,1.1,50,65
深圳,2023,12,2023-12-15,12.3,17.0,6.3,16.5,68,93
深圳,2024,1,2024-01-15,11.1,15.9,4.2,23.9,75,142
深圳,2024,2,2024-02-15,13.5,20.1,6.0,27.4,69,76
深圳,2024,3,2024-03-15,16.5,19.6,13.4,2.2,73,51
深圳,2024,4,2024-04-15,24.6,29.3,16.6,68.4,73,76
深圳,2024,5,2024-05-15,29.2,32.7,23.9,6.1,69,80
深圳,2024,6,2024-06-15,34.2,39.8,28.0,41.4,79,89
深圳,2024,7,2024-07-15,33.5,39.3,28.4,0.9,59,64
深圳,2024,8,2024-08-15,34.3,37.8,28.5,7.4,74,130
深圳,2024,9,2024-09-15,27.5,30.7,22.9,41.0,75,69
深圳,2024,10,2024-10-15,24.3,30.6,18.2,23.4,68,30
深圳,2024,11,2024-11-15,15.8,23.0,8.5,1.0,73,69
深圳,2024,12,2024-12-15,12.0,19.6,4.5,27.2,81,43
深圳,2025,1,2025-01-15,11.5,15.7,6.2,31.0,61,101
深圳,2025,2,2025-02-15,12.9,20.8,9.5,32.9,58,117
深圳,2025,3,2025-03-15,16.2,22.0,9.9,7.9,59,78
深圳,2025,4,2025-04-15,24.5,27.5,17.6,7.7,80,83
深圳,2025,5,2025-05-15,29.1,32.5,25.3,62.0,74,107
深圳,2025,6,2025-06-15,33.2,36.4,27.7,63.1,66,160
深圳,2025,7,2025-07-15,36.2,40.9,32.9,7.5,72,40
深圳,2025,8,2025-08-15,33.9,40.3,27.6,21.5,74,108
深圳,2025,9,2025-09-15,28.2,36.1,25.2,78.0,45,62
深圳,2025,10,2025-10-15,22.4,27.7,16.4,2.6,63,83
深圳,2025,11,2025-11-15,16.4,23.2,11.1,13.7,72,88
深圳,2025,12,2025-12-15,13.7,17.0,10.4,65.4,70,78
杭州,2021,1,2021-01-15,3.2,10.7,-1.8,17.3,53,92
杭州,2021,2,2021-02-15,5.2,12.3,-0.6,0.9,73,102
杭州,2021,3,2021-03-15,11.8,15.9,4.7,21.9,95,105
杭州,2021,4,2021-04-15,18.1,23.2,13.7,8.7,71,57
杭州,2021,5,2021-05-15,26.1,31.6,19.1,71.7,64,54
杭州,2021,6,2021-06-15,29.7,34.2,24.8,178.5,63,126
杭州,2021,7,2021-07-15,29.2,32.3,23.2,37.8,86,102
杭州,2021,8,2021-08-15,28.1,35.1,24.1,27.7,74,52
杭州,2021,9,2021-09-15,22.5,29.8,19.5,166.8,81,90
杭州,2021,10,2021-10-15,16.7,23.9,12.4,44.3,86,79
杭州,2021,11,2021-11-15,10.8,15.8,7.1,35.7,68,37
杭州,2021,12,2021-12-15,8.2,11.7,4.9,69.7,53,105
杭州,2022,1,2022-01-15,3.8,11.1,-2.4,2.0,66,99
杭州,2022,2,2022-02-15,4.6,8.8,-1.7,0.1,85,20
杭州,2022,3,2022-03-15,12.2,19.9,8.7,14.2,68,104
杭州,2022,4,2022-04-15,15.2,22.2,9.1,8.7,73,58
杭州,2022,5,2022-05-15,20.5,23.6,17.1,126.6,63,20
杭州,2022,6,2022-06-15,25.6,30.5,20.9,14.7,51,30
杭州,2022,7,2022-07-15,26.8,32.7,23.5,65.7,52,113
杭州,2022,8,2022-08-15,26.7,34.5,21.7,16.8,61,109
杭州,2022,9,2022-09-15,23.2,28.8,16.7,24.2,63,52
杭州,2022,10,2022-10-15,18.1,23.2,14.4,14.0,72,57
杭州,2022,11,2022-11-15,11.9,17.0,5.6,37.0,53,30
杭州,2022,12,2022-12-15,8.1,12.3,1.7,11.2,84,64
杭州,2023,1,2023-01-15,3.8,9.7,-2.2,10.2,64,68
杭州,2023,2,2023-02-15,6.4,12.2,-1.6,14.8,56,64
杭州,2023,3,2023-03-15,10.4,13.9,2.5,8.0,72,113
杭州,2023,4,2023-04-15,16.9,22.3,9.7,26.4,57,54
杭州,2023,5,2023-05-15,25.8,29.4,20.5,13.9,70,72
杭州,2023,6,2023-06-15,27.7,34.9,19.8,77.3,76,66
杭州,2023,7,2023-07-15,29.7,35.2,24.8,31.1,80,88
杭州,2023,8,2023-08-15,27.6,32.1,21.7,20.0,64,132
杭州,2023,9,2023-09-15,21.8,25.1,14.0,6.3,81,80
杭州,2023,10,2023-10-15,17.2,24.5,13.4,34.3,84,116
杭州,2023,11,2023-11-15,13.3,18.9,5.8,13.2,84,93
杭州,2023,12,2023-12-15,8.2,14.8,2.8,4.5,84,110
杭州,2024,1,2024-01-15,3.7,9.8,-1.0,0.5,89,92
杭州,2024,2,2024-02-15,7.2,12.8,-0.7,20.0,70,20
杭州,2024,3,2024-03-15,11.7,19.0,4.1,51.1,61,26
杭州,2024,4,2024-04-15,16.4,22.2,12.7,14.9,70,77
杭州,2024,5,2024-05-15,22.9,28.0,19.3,112.9,78,69
杭州,2024,6,2024-06-15,26.3,34.1,20.7,59.9,66,96
杭州,2024,7,2024-07-15,28.3,36.3,22.7,29.5,65,114
杭州,2024,8,2024-08-15,27.0,34.7,21.3,68.6,69,20
杭州,2024,9,2024-09-15,23.3,28.9,15.7,88.0,65,100
杭州,2024,10,2024-10-15,16.0,19.3,9.3,29.0,74,79
杭州,2024,11,2024-11-15,11.1,16.7,6.6,16.1,71,49
杭州,2024,12,2024-12-15,7.4,14.3,-0.5,13.1,68,82
杭州,2025,1,2025-01-15,6.1,12.1,-0.4,2.9,76,96
杭州,2025,2,2025-02-15,5.8,13.8,2.8,17.0,62,58
杭州,2025,3,2025-03-15,11.1,19.0,4.6,0.2,62,62
杭州,2025,4,2025-04-15,14.8,21.3,10.5,6.0,87,76
杭州,2025,5,2025-05-15,23.8,29.3,16.2,13.2,53,66
杭州,2025,6,2025-06-15,28.2,34.6,24.9,52.3,55,54
杭州,2025,7,2025-07-15,29.0,33.9,23.6,58.3,76,124
杭州,2025,8,2025-08-15,28.1,32.6,21.8,11.0,63,69
杭州,2025,9,2025-09-15,24.8,28.9,18.9,10.2,60,46
杭州,2025,10,2025-10-15,16.5,23.5,13.3,1.9,70,20
杭州,2025,11,2025-11-15,10.5,16.6,5.3,35.9,76,81
杭州,2025,12,2025-12-15,8.5,15.8,3.0,16.7,64,23
成都,2021,1,2021-01-15,4.3,10.0,-2.3,25.8,81,127
成都,2021,2,2021-02-15,5.4,12.4,-1.9,28.1,53,20
成都,2021,3,2021-03-15,9.7,17.5,5.2,10.5,83,145
成都,2021,4,2021-04-15,16.8,21.6,9.3,23.0,51,57
成都,2021,5,2021-05-15,22.8,28.3,17.5,22.9,80,66
成都,2021,6,2021-06-15,26.5,32.7,20.9,83.1,97,103
成都,2021,7,2021-07-15,26.2,30.2,19.0,134.9,56,65
成都,2021,8,2021-08-15,28.2,35.3,23.0,22.5,52,58
成都,2021,9,2021-09-15,19.5,27.2,12.5,72.2,57,94
成都,2021,10,2021-10-15,15.0,20.1,8.8,16.4,90,89
成都,2021,11,2021-11-15,10.5,16.5,7.2,14.5,60,114
成都,2021,12,2021-12-15,6.7,13.5,0.8,8.2,70,33
成都,2022,1,2022-01-15,2.5,6.3,-1.2,7.5,44,110
成都,2022,2,2022-02-15,5.6,8.9,-0.5,13.9,66,75
成都,2022,3,2022-03-15,11.4,18.3,7.9,1.8,63,50
成都,2022,4,2022-04-15,16.6,23.2,11.0,6.8,75,70
成都,2022,5,2022-05-15,20.8,24.5,17.7,25.9,52,20
成都,2022,6,2022-06-15,29.3,33.4,23.0,14.4,60,49
成都,2022,7,2022-07-15,27.7,30.9,22.5,57.6,78,58
成都,2022,8,2022-08-15,22.6,28.5,16.8,48.9,57,59
成都,2022,9,2022-09-15,20.5,26.7,17.1,73.5,77,50
成都,2022,10,2022-10-15,16.6,21.1,10.3,3.0,71,127
成都,2022,11,2022-11-15,10.7,17.3,4.2,11.4,77,123
成都,2022,12,2022-12-15,3.8,9.9,-1.1,8.3,86,134
成都,2023,1,2023-01-15,3.2,10.8,0.0,7.2,67,89
成都,2023,2,2023-02-15,6.1,12.5,1.1,5.1,83,83
成都,2023,3,2023-03-15,9.2,13.6,3.4,4.7,50,77
成都,2023,4,2023-04-15,15.0,21.3,9.2,3.7,89,44
成都,2023,5,2023-05-15,20.6,25.2,13.5,8.3,65,60
成都,2023,6,2023-06-15,22.7,30.4,15.8,25.8,69,111
成都,2023,7,2023-07-15,29.1,35.0,23.6,57.2,84,145
成都,2023,8,2023-08-15,27.1,32.4,24.0,2.0,82,66
成都,2023,9,2023-09-15,21.5,25.8,13.6,88.2,50,97
成都,2023,10,2023-10-15,15.9,21.0,8.9,11.9,70,56
成都,2023,11,2023-11-15,11.7,18.6,7.7,40.3,86,73
成都,2023,12,2023-12-15,7.5,14.6,0.7,19.6,90,56
成都,2024,1,2024-01-15,3.6,9.8,-0.8,23.0,41,91
成都,2024,2,2024-02-15,5.3,12.4,1.0,3.5,73,117
成都,2024,3,2024-03-15,10.7,18.5,5.9,38.0,77,60
成都,2024,4,2024-04-15,15.6,19.3,11.1,32.3,63,59
成都,2024,5,2024-05-15,23.4,29.6,16.5,266.1,62,20
成都,2024,6,2024-06-15,26.0,33.9,18.4,11.3,56,43
成都,2024,7,2024-07-15,27.3,31.8,23.9,109.6,75,98
成都,2024,8,2024-08-15,29.4,35.9,21.6,72.5,54,101
成都,2024,9,2024-09-15,22.8,28.2,18.3,46.9,56,92
成都,2024,10,2024-10-15,16.5,20.6,12.2,11.6,73,93
成都,2024,11,2024-11-15,8.1,15.7,2.4,25.8,60,79
成都,2024,12,2024-12-15,5.2,8.2,0.5,4.2,75,95
成都,2025,1,2025-01-15,5.5,8.8,-1.1,2.9,84,100
成都,2025,2,2025-02-15,4.3,9.0,-3.5,7.6,68,25
成都,2025,3,2025-03-15,8.4,14.5,0.9,27.9,69,47
成都,2025,4,2025-04-15,15.4,21.0,8.8,19.7,83,61
成都,2025,5,2025-05-15,21.5,25.2,14.3,56.0,56,92
成都,2025,6,2025-06-15,28.7,32.8,22.9,53.2,84,78
成都,2025,7,2025-07-15,26.9,31.7,21.1,56.4,58,72
成都,2025,8,2025-08-15,25.1,32.1,18.0,26.7,66,122
成都,2025,9,2025-09-15,21.2,29.1,16.6,34.1,58,101
成都,2025,10,2025-10-15,15.7,22.7,9.8,10.1,63,93
成都,2025,11,2025-11-15,8.4,12.4,1.5,52.5,70,100
成都,2025,12,2025-12-15,4.6,10.2,1.5,3.3,74,87
武汉,2021,1,2021-01-15,4.6,8.1,0.9,32.9,98,101
武汉,2021,2,2021-02-15,6.0,12.9,-0.9,23.7,81,90
武汉,2021,3,2021-03-15,10.9,16.4,6.4,36.6,69,93
武汉,2021,4,2021-04-15,14.4,18.0,11.3,38.0,80,78
武汉,2021,5,2021-05-15,23.9,30.6,16.7,138.1,49,29
武汉,2021,6,2021-06-15,27.9,33.0,23.6,41.4,70,47
武汉,2021,7,2021-07-15,28.2,34.8,23.4,11.7,60,89
武汉,2021,8,2021-08-15,30.5,33.9,25.3,1.6,73,56
武汉,2021,9,2021-09-15,22.4,26.2,17.5,23.5,75,125
武汉,2021,10,2021-10-15,18.5,26.1,11.2,5.7,62,76
武汉,2021,11,2021-11-15,10.0,15.9,5.4,14.0,50,22
武汉,2021,12,2021-12-15,7.2,14.4,1.0,19.7,39,70
武汉,2022,1,2022-01-15,4.5,10.1,1.4,9.4,83,89
武汉,2022,2,2022-02-15,7.2,13.9,1.3,14.7,90,57
武汉,2022,3,2022-03-15,8.6,12.8,4.0,11.4,87,123
武汉,2022,4,2022-04-15,17.4,21.2,13.8,0.3,77,129
武汉,2022,5,2022-05-15,24.4,27.6,17.4,6.2,86,56
武汉,2022,6,2022-06-15,27.4,35.0,19.5,59.4,77,97
武汉,2022,7,2022-07-15,27.7,31.3,23.9,29.6,96,80
武汉,2022,8,2022-08-15,25.5,29.8,21.1,17.3,63,91
武汉,2022,9,2022-09-15,23.2,29.8,20.0,42.1,79,85
武汉,2022,10,2022-10-15,18.9,23.8,11.1,0.9,80,39
武汉,2022,11,2022-11-15,10.8,16.7,4.3,8.8,64,127
武汉,2022,12,2022-12-15,4.8,9.0,-0.5,17.9,76,78
武汉,2023,1,2023-01-15,6.3,9.7,-0.5,5.8,97,26
武汉,2023,2,2023-02-15,7.7,12.5,2.7,24.4,72,43
武汉,2023,3,2023-03-15,10.7,16.4,4.7,75.0,73,86
武汉,2023,4,2023-04-15,15.6,21.1,9.4,17.8,52,132
武汉,2023,5,2023-05-15,21.9,29.7,15.1,62.8,68,129
武汉,2023,6,2023-06-15,27.9,34.1,23.1,152.1,68,71
武汉,2023,7,2023-07-15,29.2,32.3,23.4,113.9,61,76
武汉,2023,8,2023-08-15,25.7,28.7,18.8,10.3,52,52
武汉,2023,9,2023-09-15,24.2,30.9,20.4,3.8,80,66
武汉,2023,10,2023-10-15,17.3,21.8,9.4,4.5,59,47
武汉,2023,11,2023-11-15,10.1,14.0,6.9,17.7,50,117
武汉,2023,12,2023-12-15,6.6,13.2,0.5,7.8,68,58
武汉,2024,1,2024-01-15,4.6,11.1,-2.4,17.6,67,75
武汉,2024,2,2024-02-15,8.1,15.1,1.2,13.0,90,93
武汉,2024,3,2024-03-15,11.4,18.0,5.7,29.3,57,65
武汉,2024,4,2024-04-15,16.8,21.7,10.9,20.4,81,105
武汉,2024,5,2024-05-15,24.1,31.4,19.5,55.9,65,122
武汉,2024,6,2024-06-15,26.6,29.7,19.2,1.0,46,111
武汉,2024,7,2024-07-15,28.3,31.6,24.9,138.5,70,69
武汉,2024,8,2024-08-15,25.0,28.4,22.0,105.7,98,60
武汉,2024,9,2024-09-15,24.1,30.5,19.6,18.5,45,54
武汉,2024,10,2024-10-15,15.2,20.8,11.6,57.0,77,95
武汉,2024,11,2024-11-15,12.2,17.2,6.5,13.6,62,41
武汉,2024,12,2024-12-15,8.6,13.6,1.2,11.3,69,119
武汉,2025,1,2025-01-15,5.0,11.6,-2.8,2.0,61,26
武汉,2025,2,2025-02-15,7.1,11.7,1.1,7.7,69,79
武汉,2025,3,2025-03-15,10.9,16.7,5.6,6.4,58,78
武汉,2025,4,2025-04-15,16.8,20.5,13.4,45.5,62,119
武汉,2025,5,2025-05-15,25.2,30.2,20.6,6.8,65,71
武汉,2025,6,2025-06-15,28.3,35.6,21.3,75.9,61,135
武汉,2025,7,2025-07-15,29.5,32.8,25.1,150.8,80,52
武汉,2025,8,2025-08-15,28.3,33.4,20.4,93.4,52,55
武汉,2025,9,2025-09-15,20.6,27.3,14.2,29.9,72,89
武汉,2025,10,2025-10-15,15.8,19.6,9.0,30.6,51,109
武汉,2025,11,2025-11-15,9.6,17.1,5.7,13.8,62,128
武汉,2025,12,2025-12-15,6.4,13.8,-0.6,3.9,88,61
西安,2021,1,2021-01-15,1.5,6.2,-4.1,0.2,88,92
西安,2021,2,2021-02-15,2.2,6.1,-3.5,44.7,64,75
西安,2021,3,2021-03-15,6.7,11.7,-1.0,0.4,41,75
西安,2021,4,2021-04-15,13.8,19.5,9.3,31.3,67,76
西安,2021,5,2021-05-15,18.8,25.5,14.7,83.7,74,60
西安,2021,6,2021-06-15,25.1,29.3,21.1,6.2,69,26
西安,2021,7,2021-07-15,25.0,32.8,17.9,68.2,69,77
西安,2021,8,2021-08-15,23.8,29.4,16.3,17.0,64,65
西安,2021,9,2021-09-15,19.0,24.5,14.5,35.0,98,81
西安,2021,10,2021-10-15,12.8,18.3,8.4,30.5,78,45
西安,2021,11,2021-11-15,6.3,10.3,-1.6,4.0,90,85
西安,2021,12,2021-12-15,2.1,6.9,-2.8,0.4,72,112
西安,2022,1,2022-01-15,2.1,6.0,-4.6,11.0,78,97
西安,2022,2,2022-02-15,2.5,8.4,-1.3,3.3,51,76
西安,2022,3,2022-03-15,8.2,12.9,2.1,32.4,63,65
西安,2022,4,2022-04-15,14.3,19.2,7.7,7.6,65,93
西安,2022,5,2022-05-15,22.2,28.0,19.0,10.8,82,88
西安,2022,6,2022-06-15,25.8,31.6,21.5,15.7,68,69
西安,2022,7,2022-07-15,25.1,28.7,19.8,0.2,64,48
西安,2022,8,2022-08-15,24.6,32.0,20.3,1.5,56,74
西安,2022,9,2022-09-15,18.8,23.3,11.8,15.7,87,75
西安,2022,10,2022-10-15,13.7,18.7,9.8,2.9,76,130
西安,2022,11,2022-11-15,7.1,14.8,0.6,30.5,77,76
西安,2022,12,2022-12-15,2.7,9.0,-0.5,10.1,65,129
西安,2023,1,2023-01-15,3.0,9.8,-2.7,10.6,62,67
西安,2023,2,2023-02-15,3.8,9.9,-0.6,12.7,92,98
西安,2023,3,2023-03-15,7.3,14.6,1.3,74.7,61,67
西安,2023,4,2023-04-15,13.5,18.4,6.1,6.4,81,44
西安,2023,5,2023-05-15,17.8,22.9,14.5,18.4,44,70
西安,2023,6,2023-06-15,24.9,29.2,18.6,16.0,42,111
西安,2023,7,2023-07-15,28.5,32.9,22.4,6.1,63,37
西安,2023,8,2023-08-15,23.8,30.6,18.4,2.2,70,122
西安,2023,9,2023-09-15,19.3,24.7,13.5,18.6,42,128
西安,2023,10,2023-10-15,13.5,20.7,9.4,33.7,58,98
西安,2023,11,2023-11-15,8.2,15.8,1.2,13.3,82,81
西安,2023,12,2023-12-15,2.0,7.8,-2.7,2.4,72,73
西安,2024,1,2024-01-15,3.1,9.4,-2.9,18.6,61,64
西安,2024,2,2024-02-15,4.3,8.3,-0.6,93.8,73,110
西安,2024,3,2024-03-15,7.5,12.6,-0.3,28.8,77,107
西安,2024,4,2024-04-15,12.1,18.8,6.2,12.5,67,72
西安,2024,5,2024-05-15,19.1,23.4,15.7,120.4,71,60
西安,2024,6,2024-06-15,24.1,28.5,18.6,81.4,59,48
西安,2024,7,2024-07-15,25.3,29.1,21.1,41.2,72,32
西安,2024,8,2024-08-15,23.9,31.4,20.1,221.6,60,61
西安,2024,9,2024-09-15,20.9,28.0,13.8,1.8,66,36
西安,2024,10,2024-10-15,13.8,21.7,8.1,5.7,63,113
西安,2024,11,2024-11-15,6.1,9.2,-1.2,65.2,47,84
西安,2024,12,2024-12-15,2.9,6.0,-3.5,8.1,71,130
西安,2025,1,2025-01-15,1.8,6.8,-5.6,25.5,76,119
西安,2025,2,2025-02-15,4.4,10.4,1.2,32.4,94,59
西安,2025,3,2025-03-15,7.8,14.2,4.2,15.3,66,66
西安,2025,4,2025-04-15,12.1,15.2,5.8,5.4,74,112
西安,2025,5,2025-05-15,20.1,26.9,13.2,39.4,74,57
西安,2025,6,2025-06-15,24.7,29.4,20.9,26.1,53,27
西安,2025,7,2025-07-15,25.2,31.9,20.4,17.5,66,113
西安,2025,8,2025-08-15,25.0,30.3,21.1,46.6,71,29
西安,2025,9,2025-09-15,20.8,28.5,16.1,85.3,55,54
西安,2025,10,2025-10-15,15.9,23.0,10.7,61.4,75,144
西安,2025,11,2025-11-15,9.2,16.8,2.4,39.7,60,69
西安,2025,12,2025-12-15,3.7,10.8,-0.6,11.9,87,54
南京,2021,1,2021-01-15,4.5,10.8,-3.1,25.8,67,121
南京,2021,2,2021-02-15,6.7,12.2,1.7,25.0,75,75
南京,2021,3,2021-03-15,9.3,16.3,4.7,1.9,72,89
南京,2021,4,2021-04-15,17.9,21.3,12.0,29.0,77,92
南京,2021,5,2021-05-15,21.9,25.2,15.7,125.3,83,110
南京,2021,6,2021-06-15,25.1,29.5,19.4,47.3,79,87
南京,2021,7,2021-07-15,27.8,31.6,20.5,62.5,88,35
南京,2021,8,2021-08-15,27.0,30.9,19.7,36.9,58,70
南京,2021,9,2021-09-15,21.9,26.1,14.4,11.6,79,65
南京,2021,10,2021-10-15,14.4,21.2,7.6,7.6,76,44
南京,2021,11,2021-11-15,10.4,15.6,2.9,12.2,64,62
南京,2021,12,2021-12-15,4.9,11.0,-0.6,37.4,85,72
南京,2022,1,2022-01-15,4.6,11.9,-0.9,35.7,72,78
南京,2022,2,2022-02-15,6.4,10.6,2.7,30.4,71,121
南京,2022,3,2022-03-15,11.1,15.6,5.7,16.9,66,61
南京,2022,4,2022-04-15,18.1,22.5,10.7,6.5,61,117
南京,2022,5,2022-05-15,21.6,26.5,13.8,57.7,71,39
南京,2022,6,2022-06-15,26.8,34.3,22.7,5.0,68,125
南京,2022,7,2022-07-15,29.1,33.8,24.8,86.2,85,87
南京,2022,8,2022-08-15,24.5,30.1,21.1,22.9,64,70
南京,2022,9,2022-09-15,22.5,30.1,19.4,29.5,79,93
南京,2022,10,2022-10-15,16.3,20.4,10.4,20.5,47,69
南京,2022,11,2022-11-15,10.6,18.1,3.6,43.4,85,55
南京,2022,12,2022-12-15,5.9,13.3,2.7,86.2,62,129
南京,2023,1,2023-01-15,4.2,8.3,-3.1,22.8,72,85
南京,2023,2,2023-02-15,6.4,10.0,0.4,9.4,85,42
南京,2023,3,2023-03-15,9.1,12.2,6.0,7.6,69,117
南京,2023,4,2023-04-15,14.8,20.7,8.5,5.7,54,91
南京,2023,5,2023-05-15,21.7,27.2,14.3,5.2,63,37
南京,2023,6,2023-06-15,27.9,32.6,22.4,124.0,74,95
南京,2023,7,2023-07-15,27.0,32.2,20.0,58.2,71,90
南京,2023,8,2023-08-15,27.6,35.4,20.2,46.8,82,101
南京,2023,9,2023-09-15,21.9,28.5,17.4,94.0,59,100
南京,2023,10,2023-10-15,15.5,21.8,11.5,68.8,82,86
南京,2023,11,2023-11-15,10.1,16.5,6.4,3.4,68,65
南京,2023,12,2023-12-15,5.5,10.7,-0.2,8.4,89,123
南京,2024,1,2024-01-15,3.0,10.0,-1.9,17.3,91,45
南京,2024,2,2024-02-15,6.4,13.6,0.6,18.9,80,90
南京,2024,3,2024-03-15,9.8,16.5,4.0,13.7,67,27
南京,2024,4,2024-04-15,16.5,22.2,10.2,3.5,77,68
南京,2024,5,2024-05-15,22.1,26.3,15.0,77.3,82,78
南京,2024,6,2024-06-15,27.1,31.8,22.2,70.3,77,109
南京,2024,7,2024-07-15,26.0,33.5,18.0,0.8,75,110
南京,2024,8,2024-08-15,27.2,33.0,23.2,2.4,69,85
南京,2024,9,2024-09-15,23.4,28.6,16.7,21.8,61,110
南京,2024,10,2024-10-15,18.5,22.8,14.5,20.4,84,39
南京,2024,11,2024-11-15,10.8,18.3,7.3,53.1,74,35
南京,2024,12,2024-12-15,3.9,9.1,-0.7,13.1,63,99
南京,2025,1,2025-01-15,5.4,11.2,-0.2,19.4,63,62
南京,2025,2,2025-02-15,3.5,9.7,-3.1,11.4,66,70
南京,2025,3,2025-03-15,9.4,13.2,3.5,10.0,72,49
南京,2025,4,2025-04-15,15.4,20.1,11.8,11.8,80,88
南京,2025,5,2025-05-15,22.7,25.9,16.5,10.5,54,157
南京,2025,6,2025-06-15,28.7,33.2,21.2,25.1,59,109
南京,2025,7,2025-07-15,28.2,31.7,23.5,43.3,65,103
南京,2025,8,2025-08-15,24.9,32.5,17.0,1.7,53,158
南京,2025,9,2025-09-15,22.0,27.5,18.7,95.7,85,64
南京,2025,10,2025-10-15,16.4,23.7,10.2,9.4,85,45
南京,2025,11,2025-11-15,11.3,18.9,7.3,10.6,78,58
南京,2025,12,2025-12-15,5.4,12.0,-2.5,4.7,72,67
重庆,2021,1,2021-01-15,4.4,8.7,-1.3,0.5,87,106
重庆,2021,2,2021-02-15,5.7,11.2,0.1,0.0,61,57
重庆,2021,3,2021-03-15,11.4,15.0,8.0,8.7,42,119
重庆,2021,4,2021-04-15,18.3,26.1,14.1,23.1,52,60
重庆,2021,5,2021-05-15,24.3,29.5,18.3,6.8,72,77
重庆,2021,6,2021-06-15,29.0,34.3,25.2,107.8,80,96
重庆,2021,7,2021-07-15,31.2,36.9,27.6,5.0,52,112
重庆,2021,8,2021-08-15,31.1,36.2,25.6,14.1,50,110
重庆,2021,9,2021-09-15,23.2,31.1,18.9,40.2,65,38
重庆,2021,10,2021-10-15,15.2,20.4,9.3,30.6,75,71
重庆,2021,11,2021-11-15,13.8,18.5,6.0,62.8,72,90
重庆,2021,12,2021-12-15,7.1,11.3,0.4,14.5,70,54
重庆,2022,1,2022-01-15,7.5,14.0,3.6,13.0,78,83
重庆,2022,2,2022-02-15,7.1,10.7,3.8,13.6,82,99
重庆,2022,3,2022-03-15,11.4,16.8,6.9,0.4,74,70
重庆,2022,4,2022-04-15,17.9,20.9,14.7,10.9,59,109
重庆,2022,5,2022-05-15,25.7,29.5,22.0,89.6,79,110
重庆,2022,6,2022-06-15,28.5,35.8,24.0,7.5,64,65
重庆,2022,7,2022-07-15,30.5,37.1,25.4,51.8,65,62
重庆,2022,8,2022-08-15,31.0,36.2,26.8,162.7,67,52
重庆,2022,9,2022-09-15,23.4,28.7,17.7,0.6,70,65
重庆,2022,10,2022-10-15,17.3,23.7,11.2,1.7,41,98
重庆,2022,11,2022-11-15,12.5,15.7,6.5,34.7,88,40
重庆,2022,12,2022-12-15,6.9,14.1,3.2,17.2,74,63
重庆,2023,1,2023-01-15,5.1,10.6,0.4,27.3,80,71
重庆,2023,2,2023-02-15,6.3,12.9,-0.3,24.7,76,62
重庆,2023,3,2023-03-15,12.5,19.7,6.8,11.9,58,47
重庆,2023,4,2023-04-15,15.6,21.0,9.6,28.8,75,88
重庆,2023,5,2023-05-15,23.8,28.2,20.0,11.1,90,92
重庆,2023,6,2023-06-15,27.9,32.1,21.7,51.3,70,87
重庆,2023,7,2023-07-15,29.1,34.2,25.6,43.1,89,107
重庆,2023,8,2023-08-15,27.9,35.5,20.4,101.8,59,48
重庆,2023,9,2023-09-15,22.5,25.6,18.1,14.7,75,108
重庆,2023,10,2023-10-15,18.7,24.3,12.2,9.5,74,55
重庆,2023,11,2023-11-15,10.4,15.2,4.4,130.1,89,97
重庆,2023,12,2023-12-15,7.1,13.2,1.9,0.7,81,90
重庆,2024,1,2024-01-15,6.3,14.0,-0.1,17.0,66,93
重庆,2024,2,2024-02-15,9.0,16.4,4.1,7.7,75,54
重庆,2024,3,2024-03-15,10.9,18.3,7.7,23.3,68,97
重庆,2024,4,2024-04-15,18.7,23.4,11.7,6.7,72,91
重庆,2024,5,2024-05-15,22.8,27.2,15.0,170.7,69,102
重庆,2024,6,2024-06-15,28.0,34.7,22.1,148.9,65,76
重庆,2024,7,2024-07-15,28.3,33.5,22.7,19.5,66,126
重庆,2024,8,2024-08-15,25.8,29.6,20.8,9.5,69,42
重庆,2024,9,2024-09-15,25.0,32.3,20.5,64.9,42,169
重庆,2024,10,2024-10-15,17.3,22.1,13.2,3.2,53,62
重庆,2024,11,2024-11-15,11.4,16.1,4.3,12.5,69,126
重庆,2024,12,2024-12-15,5.1,13.0,-2.2,16.8,71,76
重庆,2025,1,2025-01-15,9.4,15.9,5.4,12.8,35,104
重庆,2025,2,2025-02-15,7.3,10.4,3.3,12.5,61,68
重庆,2025,3,2025-03-15,12.3,15.7,8.7,15.9,98,70
重庆,2025,4,2025-04-15,19.1,24.5,11.6,19.7,75,78
重庆,2025,5,2025-05-15,25.7,29.9,18.5,19.7,56,139
重庆,2025,6,2025-06-15,30.8,37.6,23.0,51.3,81,61
重庆,2025,7,2025-07-15,28.3,32.6,24.5,47.2,60,56
重庆,2025,8,2025-08-15,28.0,34.5,20.9,6.8,70,62
重庆,2025,9,2025-09-15,24.1,30.6,20.1,7.0,58,68
重庆,2025,10,2025-10-15,17.4,22.4,9.7,19.0,87,25
重庆,2025,11,2025-11-15,11.5,17.2,4.7,66.8,56,73
重庆,2025,12,2025-12-15,5.4,12.9,-0.0,7.4,75,43
